Year,Sport,Country,Medals
1896,Athletics,United States of America,16
1896,Athletics,Greece,9
1896,Athletics,Hungary,3
1896,Cycling Road,Germany,1
1896,Cycling Road,Great Britain,1
1896,Cycling Road,Greece,1
1896,Cycling Track,France,6
1896,Cycling Track,Austria,3
1896,Cycling Track,Greece,3
1896,Fencing,Greece,4
1896,Fencing,France,3
1896,Fencing,Denmark,1
1896,Gymnastics Artistic,Germany,10
1896,Gymnastics Artistic,Greece,6
1896,Gymnastics Artistic,Switzerland,3
1896,Shooting,Greece,9
1896,Shooting,Denmark,3
1896,Shooting,United States of America,3
1896,Swimming,Greece,6
1896,Swimming,Austria,2
1896,Swimming,Hungary,2
1896,Tennis,Greece,3
1896,Tennis,Great Britain,1
1896,Weightlifting,Denmark,2
1896,Weightlifting,Great Britain,2
1896,Weightlifting,Greece,2
1896,Wrestling,Greece,2
1896,Wrestling,Germany,1
1900,Archery,France,13
1900,Archery,Belgium,7
1900,Athletics,United States of America,39
1900,Athletics,Great Britain,8
1900,Athletics,France,6
1900,Basque Pelota,Spain,1
1900,Cricket,Great Britain,1
1900,Croquet,France,7
1900,Cycling Track,France,5
1900,Cycling Track,Germany,1
1900,Cycling Track,Great Britain,1
1900,Equestrian Jumping,Belgium,4
1900,Equestrian Jumping,France,3
1900,Equestrian Jumping,Italy,2
1900,Fencing,France,15
1900,Fencing,Austria,2
1900,Fencing,Cuba,2
1900,Football,France,1
1900,Football,Great Britain,1
1900,Golf,United States of America,4
1900,Golf,Great Britain,2
1900,Gymnastics Artistic,France,3
1900,Rowing,France,6
1900,Rowing,Germany,3
1900,Rowing,Netherlands,2
1900,Rugby,Germany,1
1900,Rugby,Great Britain,1
1900,Sailing,France,24
1900,Sailing,Great Britain,6
1900,Sailing,Germany,2
1900,Shooting,Switzerland,7
1900,Shooting,France,6
1900,Shooting,Denmark,4
1900,Swimming,France,5
1900,Swimming,Austria,4
1900,Swimming,Great Britain,3
1900,Tennis,Great Britain,7
1900,Tennis,France,2
1900,Water Polo,Belgium,1
1900,Water Polo,France,1
1904,Archery,United States of America,16
1904,Athletics,United States of America,64
1904,Athletics,Great Britain,2
1904,Athletics,Canada,1
1904,Boxing,United States of America,18
1904,Cycling Track,United States of America,21
1904,Diving,United States of America,2
1904,Diving,Germany,1
1904,Fencing,United States of America,10
1904,Fencing,Cuba,3
1904,Football,United States of America,2
1904,Football,Canada,1
1904,Golf,United States of America,3
1904,Golf,Canada,1
1904,Gymnastics Artistic,United States of America,27
1904,Gymnastics Artistic,Austria,2
1904,Gymnastics Artistic,Germany,2
1904,Lacrosse,Canada,2
1904,Lacrosse,United States of America,1
1904,Roque,United States of America,3
1904,Rowing,United States of America,13
1904,Rowing,Canada,1
1904,Swimming,United States of America,13
1904,Swimming,Germany,8
1904,Swimming,Australia,4
1904,Tennis,United States of America,6
1904,Tug of War,United States of America,2
1904,Water Polo,United States of America,3
1904,Weightlifting,United States of America,3
1904,Weightlifting,Germany,2
1904,Weightlifting,Greece,1
1904,Wrestling,United States of America,17
1904,Wrestling,Norway,2
1904,Wrestling,Germany,1
1908,Archery,Great Britain,5
1908,Archery,France,3
1908,Archery,United States of America,1
1908,Athletics,United States of America,33
1908,Athletics,Great Britain,17
1908,Athletics,Canada,6
1908,Boxing,Great Britain,14
1908,Boxing,Australasia,1
1908,Cycling Track,Great Britain,9
1908,Cycling Track,France,5
1908,Cycling Track,Germany,2
1908,Diving,Germany,3
1908,Diving,Sweden,3
1908,Diving,United States of America,1
1908,Fencing,France,4
1908,Fencing,Hungary,3
1908,Fencing,Bohemia,2
1908,Figure skating,Great Britain,6
1908,Figure skating,Sweden,3
1908,Figure skating,Germany,2
1908,Football,Denmark,1
1908,Football,Great Britain,1
1908,Football,Netherlands,1
1908,Gymnastics Artistic,Finland,1
1908,Gymnastics Artistic,France,1
1908,Gymnastics Artistic,Great Britain,1
1908,Hockey,Great Britain,3
1908,Jeu de Paume,Great Britain,2
1908,Jeu de Paume,United States of America,1
1908,Lacrosse,Canada,1
1908,Lacrosse,Great Britain,1
1908,Polo,Great Britain,2
1908,Rackets,Great Britain,1
1908,Rowing,Great Britain,8
1908,Rowing,Canada,3
1908,Rowing,Germany,2
1908,Rugby,Australasia,1
1908,Rugby,Great Britain,1
1908,Sailing,Great Britain,6
1908,Sailing,Belgium,1
1908,Sailing,France,1
1908,Shooting,Great Britain,21
1908,Shooting,United States of America,6
1908,Shooting,Sweden,5
1908,Swimming,Great Britain,7
1908,Swimming,Australasia,2
1908,Swimming,Hungary,2
1908,Tennis,Great Britain,13
1908,Tennis,Germany,1
1908,Tennis,Sweden,1
1908,Tug of War,Great Britain,3
1908,Water Motorsports,Great Britain,2
1908,Water Motorsports,France,1
1908,Water Polo,Belgium,1
1908,Water Polo,Great Britain,1
1908,Water Polo,Sweden,1
1908,Wrestling,Great Britain,11
1908,Wrestling,Denmark,3
1908,Wrestling,Finland,3
1912,Athletics,United States of America,41
1912,Athletics,Sweden,15
1912,Athletics,Finland,13
1912,Cycling Road,Great Britain,2
1912,Cycling Road,United States of America,2
1912,Cycling Road,South Africa,1
1912,Diving,Sweden,7
1912,Diving,Germany,4
1912,Diving,Great Britain,1
1912,Equestrian Dressage,Sweden,2
1912,Equestrian Eventing,Germany,2
1912,Equestrian Eventing,Sweden,2
1912,Equestrian Eventing,France,1
1912,Equestrian Jumping,France,2
1912,Equestrian Jumping,Belgium,1
1912,Equestrian Jumping,Germany,1
1912,Fencing,Hungary,4
1912,Fencing,Belgium,3
1912,Fencing,Austria,2
1912,Football,Denmark,1
1912,Football,Great Britain,1
1912,Football,Netherlands,1
1912,Gymnastics Artistic,Italy,3
1912,Gymnastics Artistic,Denmark,2
1912,Gymnastics Artistic,Norway,2
1912,Modern Pentathlon,Sweden,3
1912,Rowing,Great Britain,3
1912,Rowing,Denmark,2
1912,Rowing,Germany,2
1912,Sailing,Sweden,4
1912,Sailing,Finland,3
1912,Sailing,Norway,2
1912,Shooting,Sweden,17
1912,Shooting,United States of America,13
1912,Shooting,Great Britain,9
1912,Swimming,Germany,7
1912,Swimming,Australasia,6
1912,Swimming,Great Britain,6
1912,Tennis,Great Britain,6
1912,Tennis,France,5
1912,Tennis,Germany,3
1912,Tug of War,Great Britain,1
1912,Tug of War,Sweden,1
1912,Water Polo,Belgium,1
1912,Water Polo,Great Britain,1
1912,Water Polo,Sweden,1
1912,Wrestling,Finland,7
1912,Wrestling,Sweden,4
1912,Wrestling,Denmark,1
1920,Archery,Belgium,14
1920,Archery,France,6
1920,Archery,Netherlands,1
1920,Athletics,United States of America,29
1920,Athletics,Finland,16
1920,Athletics,Sweden,14
1920,Boxing,Great Britain,6
1920,Boxing,Canada,5
1920,Boxing,United States of America,4
1920,Cycling Road,France,2
1920,Cycling Road,Sweden,2
1920,Cycling Road,Belgium,1
1920,Cycling Track,Great Britain,5
1920,Cycling Track,Netherlands,3
1920,Cycling Track,South Africa,2
1920,Diving,United States of America,8
1920,Diving,Sweden,5
1920,Diving,Denmark,1
1920,Equestrian  Vaulting,Belgium,3
1920,Equestrian  Vaulting,France,2
1920,Equestrian  Vaulting,Sweden,1
1920,Equestrian Dressage,Sweden,2
1920,Equestrian Eventing,Italy,2
1920,Equestrian Eventing,Belgium,1
1920,Equestrian Jumping,Italy,3
1920,Equestrian Jumping,Sweden,2
1920,Equestrian Jumping,Belgium,1
1920,Fencing,France,8
1920,Fencing,Italy,6
1920,Fencing,Netherlands,2
1920,Figure skating,Norway,3
1920,Figure skating,Sweden,3
1920,Figure skating,Finland,1
1920,Football,Belgium,1
1920,Football,Netherlands,1
1920,Football,Spain,1
1920,Gymnastics Artistic,France,3
1920,Gymnastics Artistic,Belgium,2
1920,Gymnastics Artistic,Denmark,2
1920,Hockey,Belgium,1
1920,Hockey,Denmark,1
1920,Hockey,Great Britain,1
1920,Ice Hockey,Canada,1
1920,Ice Hockey,Czechoslovakia,1
1920,Ice Hockey,United States of America,1
1920,Modern Pentathlon,Sweden,3
1920,Polo,Great Britain,1
1920,Polo,Spain,1
1920,Polo,United States of America,1
1920,Rowing,United States of America,4
1920,Rowing,France,2
1920,Rowing,Great Britain,2
1920,Rugby,France,1
1920,Rugby,United States of America,1
1920,Sailing,Norway,11
1920,Sailing,Belgium,3
1920,Sailing,Netherlands,3
1920,Shooting,United States of America,23
1920,Shooting,Norway,11
1920,Shooting,Sweden,10
1920,Swimming,United States of America,16
1920,Swimming,Sweden,5
1920,Swimming,Australia,2
1920,Tennis,Great Britain,6
1920,Tennis,France,4
1920,Tennis,Japan,2
1920,Tug of War,Belgium,1
1920,Tug of War,Great Britain,1
1920,Tug of War,Netherlands,1
1920,Water Polo,Belgium,1
1920,Water Polo,Great Britain,1
1920,Water Polo,Sweden,1
1920,Weightlifting,Belgium,3
1920,Weightlifting,France,3
1920,Weightlifting,Estonia,2
1920,Wrestling,Finland,12
1920,Wrestling,Sweden,6
1920,Wrestling,United States of America,6
1924,Athletics,United States of America,32
1924,Athletics,Finland,17
1924,Athletics,Great Britain,11
1924,Bobsleigh,Belgium,1
1924,Bobsleigh,Great Britain,1
1924,Bobsleigh,Switzerland,1
1924,Boxing,United States of America,6
1924,Boxing,Argentina,4
1924,Boxing,Great Britain,4
1924,Cross Country Skiing,Norway,5
1924,Cross Country Skiing,Finland,1
1924,Curling,France,1
1924,Curling,Great Britain,1
1924,Curling,Sweden,1
1924,Cycling Road,France,3
1924,Cycling Road,Belgium,2
1924,Cycling Road,Sweden,1
1924,Cycling Track,France,3
1924,Cycling Track,Netherlands,3
1924,Cycling Track,Great Britain,2
1924,Diving,United States of America,11
1924,Diving,Sweden,2
1924,Diving,Australia,1
1924,Equestrian Dressage,Sweden,2
1924,Equestrian Dressage,France,1
1924,Equestrian Eventing,Netherlands,2
1924,Equestrian Eventing,Denmark,1
1924,Equestrian Eventing,Italy,1
1924,Equestrian Jumping,Switzerland,2
1924,Equestrian Jumping,Italy,1
1924,Equestrian Jumping,Poland,1
1924,Fencing,France,6
1924,Fencing,Belgium,4
1924,Fencing,Hungary,4
1924,Figure skating,Austria,3
1924,Figure skating,Finland,1
1924,Figure skating,France,1
1924,Football,Sweden,1
1924,Football,Switzerland,1
1924,Football,Uruguay,1
1924,Gymnastics Artistic,Czechoslovakia,9
1924,Gymnastics Artistic,Switzerland,7
1924,Gymnastics Artistic,France,5
1924,Ice Hockey,Canada,1
1924,Ice Hockey,Great Britain,1
1924,Ice Hockey,United States of America,1
1924,Military Patrol,Finland,1
1924,Military Patrol,France,1
1924,Military Patrol,Switzerland,1
1924,Modern Pentathlon,Sweden,3
1924,Nordic Combined,Norway,3
1924,Polo,Argentina,1
1924,Polo,Great Britain,1
1924,Polo,United States of America,1
1924,Rowing,Switzerland,5
1924,Rowing,United States of America,5
1924,Rowing,France,3
1924,Rugby,France,1
1924,Rugby,Romania,1
1924,Rugby,United States of America,1
1924,Sailing,Norway,3
1924,Sailing,Belgium,1
1924,Sailing,Denmark,1
1924,Shooting,United States of America,9
1924,Shooting,Norway,4
1924,Shooting,Sweden,4
1924,Ski Jumping,Norway,2
1924,Ski Jumping,United States of America,1
1924,Speed skating,Norway,7
1924,Speed skating,Finland,4
1924,Speed skating,United States of America,1
1924,Swimming,United States of America,19
1924,Swimming,Australia,4
1924,Swimming,Great Britain,4
1924,Tennis,United States of America,6
1924,Tennis,France,4
1924,Tennis,Great Britain,3
1924,Water Polo,Belgium,1
1924,Water Polo,France,1
1924,Water Polo,United States of America,1
1924,Weightlifting,Austria,4
1924,Weightlifting,Estonia,3
1924,Weightlifting,Italy,3
1924,Wrestling,Finland,16
1924,Wrestling,United States of America,6
1924,Wrestling,Switzerland,5
1928,Athletics,United States of America,25
1928,Athletics,Finland,14
1928,Athletics,Germany,9
1928,Bobsleigh,United States of America,2
1928,Bobsleigh,Germany,1
1928,Boxing,Argentina,4
1928,Boxing,Italy,4
1928,Boxing,United States of America,3
1928,Cross Country Skiing,Norway,3
1928,Cross Country Skiing,Sweden,3
1928,Cycling Road,Denmark,2
1928,Cycling Road,Great Britain,2
1928,Cycling Road,Sweden,2
1928,Cycling Track,Netherlands,4
1928,Cycling Track,Denmark,2
1928,Cycling Track,Great Britain,2
1928,Diving,United States of America,9
1928,Diving,Egypt,2
1928,Diving,Sweden,1
1928,Equestrian Dressage,Germany,2
1928,Equestrian Dressage,Sweden,2
1928,Equestrian Dressage,Netherlands,1
1928,Equestrian Eventing,Netherlands,3
1928,Equestrian Eventing,Germany,1
1928,Equestrian Eventing,Norway,1
1928,Equestrian Jumping,Czechoslovakia,1
1928,Equestrian Jumping,France,1
1928,Equestrian Jumping,Poland,1
1928,Fencing,France,5
1928,Fencing,Italy,5
1928,Fencing,Germany,3
1928,Figure skating,Austria,4
1928,Figure skating,Belgium,1
1928,Figure skating,France,1
1928,Football,Argentina,1
1928,Football,Italy,1
1928,Football,Uruguay,1
1928,Gymnastics Artistic,Switzerland,9
1928,Gymnastics Artistic,Czechoslovakia,5
1928,Gymnastics Artistic,Yugoslavia,5
1928,Hockey,Germany,1
1928,Hockey,India,1
1928,Hockey,Netherlands,1
1928,Ice Hockey,Canada,1
1928,Ice Hockey,Sweden,1
1928,Ice Hockey,Switzerland,1
1928,Modern Pentathlon,Sweden,2
1928,Modern Pentathlon,Germany,1
1928,Nordic Combined,Norway,3
1928,Rowing,United States of America,5
1928,Rowing,Great Britain,4
1928,Rowing,Canada,2
1928,Sailing,Denmark,1
1928,Sailing,Estonia,1
1928,Sailing,France,1
1928,Skeleton,United States of America,2
1928,Skeleton,Great Britain,1
1928,Ski Jumping,Norway,2
1928,Ski Jumping,Czechoslovakia,1
1928,Speed skating,Norway,6
1928,Speed skating,Finland,2
1928,Speed skating,United States of America,1
1928,Swimming,United States of America,11
1928,Swimming,Great Britain,4
1928,Swimming,Germany,3
1928,Water Polo,France,1
1928,Water Polo,Germany,1
1928,Water Polo,Hungary,1
1928,Weightlifting,France,3
1928,Weightlifting,Germany,3
1928,Weightlifting,Austria,2
1928,Wrestling,Finland,9
1928,Wrestling,Germany,4
1928,Wrestling,Sweden,4
1932,Athletics,United States of America,35
1932,Athletics,Finland,11
1932,Athletics,Canada,9
1932,Bobsleigh,United States of America,4
1932,Bobsleigh,Germany,1
1932,Bobsleigh,Switzerland,1
1932,Boxing,United States of America,5
1932,Boxing,Argentina,3
1932,Boxing,Germany,3
1932,Cross Country Skiing,Finland,3
1932,Cross Country Skiing,Sweden,2
1932,Cross Country Skiing,Norway,1
1932,Cycling Road,Italy,3
1932,Cycling Road,Sweden,2
1932,Cycling Road,Denmark,1
1932,Cycling Track,France,4
1932,Cycling Track,Great Britain,2
1932,Cycling Track,Italy,2
1932,Diving,United States of America,12
1932,Equestrian Dressage,France,3
1932,Equestrian Dressage,United States of America,2
1932,Equestrian Dressage,Sweden,1
1932,Equestrian Eventing,Netherlands,2
1932,Equestrian Eventing,United States of America,1
1932,Equestrian Jumping,Japan,1
1932,Equestrian Jumping,Sweden,1
1932,Equestrian Jumping,United States of America,1
1932,Fencing,Italy,8
1932,Fencing,Hungary,4
1932,Fencing,France,3
1932,Figure skating,Austria,2
1932,Figure skating,United States of America,2
1932,Figure skating,Canada,1
1932,Gymnastics Artistic,United States of America,16
1932,Gymnastics Artistic,Italy,7
1932,Gymnastics Artistic,Finland,5
1932,Hockey,India,1
1932,Hockey,Japan,1
1932,Hockey,United States of America,1
1932,Ice Hockey,Canada,1
1932,Ice Hockey,Germany,1
1932,Ice Hockey,United States of America,1
1932,Modern Pentathlon,Sweden,2
1932,Modern Pentathlon,United States of America,1
1932,Nordic Combined,Norway,3
1932,Rowing,United States of America,4
1932,Rowing,Germany,3
1932,Rowing,Italy,3
1932,Sailing,United States of America,3
1932,Sailing,Canada,2
1932,Sailing,Sweden,2
1932,Shooting,Italy,2
1932,Shooting,Germany,1
1932,Shooting,Hungary,1
1932,Ski Jumping,Norway,3
1932,Speed skating,Canada,4
1932,Speed skating,United States of America,4
1932,Speed skating,Norway,2
1932,Swimming,Japan,12
1932,Swimming,United States of America,10
1932,Swimming,Australia,2
1932,Water Polo,Germany,1
1932,Water Polo,Hungary,1
1932,Water Polo,United States of America,1
1932,Weightlifting,France,3
1932,Weightlifting,Germany,3
1932,Weightlifting,Austria,2
1932,Wrestling,Sweden,10
1932,Wrestling,Finland,8
1932,Wrestling,United States of America,5
1936,Alpine Skiing,Germany,4
1936,Alpine Skiing,France,1
1936,Alpine Skiing,Norway,1
1936,Athletics,United States of America,25
1936,Athletics,Germany,16
1936,Athletics,Finland,10
1936,Basketball,Canada,1
1936,Basketball,Mexico,1
1936,Basketball,United States of America,1
1936,Bobsleigh,Switzerland,3
1936,Bobsleigh,United States of America,2
1936,Bobsleigh,Great Britain,1
1936,Boxing,Germany,5
1936,Boxing,Argentina,4
1936,Boxing,France,2
1936,Canoe Sprint,Austria,3
1936,Canoe Sprint,Germany,3
1936,Canoe Sprint,Canada,2
1936,Cross Country Skiing,Sweden,5
1936,Cross Country Skiing,Finland,2
1936,Cross Country Skiing,Norway,2
1936,Cycling Road,France,3
1936,Cycling Road,Switzerland,2
1936,Cycling Road,Belgium,1
1936,Cycling Track,France,4
1936,Cycling Track,Germany,3
1936,Cycling Track,Netherlands,3
1936,Diving,United States of America,10
1936,Diving,Germany,2
1936,Equestrian Dressage,Austria,1
1936,Equestrian Dressage,France,1
1936,Equestrian Dressage,Germany,1
1936,Equestrian Eventing,Germany,2
1936,Equestrian Eventing,Denmark,1
1936,Equestrian Eventing,Great Britain,1
1936,Equestrian Jumping,Hungary,1
1936,Equestrian Jumping,Netherlands,1
1936,Equestrian Jumping,Portugal,1
1936,Fencing,Italy,9
1936,Fencing,Hungary,4
1936,Fencing,France,3
1936,Figure skating,Austria,3
1936,Figure skating,Germany,2
1936,Figure skating,Great Britain,1
1936,Football,Austria,1
1936,Football,Italy,1
1936,Football,Norway,1
1936,Gymnastics Artistic,Germany,13
1936,Gymnastics Artistic,Switzerland,9
1936,Gymnastics Artistic,Czechoslovakia,2
1936,Handball,Austria,1
1936,Handball,Germany,1
1936,Handball,Switzerland,1
1936,Hockey,Germany,1
1936,Hockey,India,1
1936,Hockey,Netherlands,1
1936,Ice Hockey,Canada,1
1936,Ice Hockey,Great Britain,1
1936,Ice Hockey,United States of America,1
1936,Modern Pentathlon,Germany,1
1936,Modern Pentathlon,Italy,1
1936,Modern Pentathlon,United States of America,1
1936,Nordic Combined,Norway,3
1936,Polo,Argentina,1
1936,Polo,Great Britain,1
1936,Polo,Mexico,1
1936,Rowing,Germany,7
1936,Rowing,France,2
1936,Rowing,Great Britain,2
1936,Sailing,Germany,2
1936,Sailing,Norway,2
1936,Sailing,Sweden,2
1936,Shooting,Germany,3
1936,Shooting,Sweden,2
1936,Shooting,France,1
1936,Ski Jumping,Norway,2
1936,Ski Jumping,Sweden,1
1936,Speed skating,Norway,6
1936,Speed skating,Finland,2
1936,Speed skating,Austria,1
1936,Swimming,Japan,11
1936,Swimming,United States of America,8
1936,Swimming,Netherlands,5
1936,Water Polo,Belgium,1
1936,Water Polo,Germany,1
1936,Water Polo,Hungary,1
1936,Weightlifting,Egypt,5
1936,Weightlifting,Germany,5
1936,Weightlifting,Austria,1
1936,Wrestling,Sweden,9
1936,Wrestling,Germany,7
1936,Wrestling,Finland,6
1948,Alpine Skiing,Austria,6
1948,Alpine Skiing,France,5
1948,Alpine Skiing,Switzerland,5
1948,Athletics,United States of America,27
1948,Athletics,Sweden,13
1948,Athletics,France,8
1948,Basketball,Brazil,1
1948,Basketball,France,1
1948,Basketball,United States of America,1
1948,Bobsleigh,United States of America,3
1948,Bobsleigh,Switzerland,2
1948,Bobsleigh,Belgium,1
1948,Boxing,Italy,5
1948,Boxing,South Africa,4
1948,Boxing,Argentina,3
1948,Canoe Marathon,Czechoslovakia,2
1948,Canoe Marathon,Finland,2
1948,Canoe Marathon,Norway,2
1948,Canoe Sprint,Denmark,3
1948,Canoe Sprint,France,3
1948,Canoe Sprint,Czechoslovakia,2
1948,Cross Country Skiing,Sweden,6
1948,Cross Country Skiing,Finland,2
1948,Cross Country Skiing,Norway,1
1948,Cycling Road,Belgium,2
1948,Cycling Road,France,2
1948,Cycling Road,Great Britain,1
1948,Cycling Track,Great Britain,4
1948,Cycling Track,France,3
1948,Cycling Track,Italy,3
1948,Diving,United States of America,10
1948,Diving,Denmark,1
1948,Diving,Mexico,1
1948,Equestrian Dressage,France,2
1948,Equestrian Dressage,Portugal,1
1948,Equestrian Dressage,Sweden,1
1948,Equestrian Eventing,United States of America,2
1948,Equestrian Eventing,France,1
1948,Equestrian Eventing,Mexico,1
1948,Equestrian Jumping,Mexico,3
1948,Equestrian Jumping,France,1
1948,Equestrian Jumping,Great Britain,1
1948,Fencing,Italy,6
1948,Fencing,Hungary,5
1948,Fencing,France,4
1948,Figure skating,Austria,2
1948,Figure skating,Canada,2
1948,Figure skating,Belgium,1
1948,Football,Denmark,1
1948,Football,Sweden,1
1948,Football,Yugoslavia,1
1948,Gymnastics Artistic,Finland,8
1948,Gymnastics Artistic,Switzerland,8
1948,Gymnastics Artistic,Hungary,5
1948,Hockey,Great Britain,1
1948,Hockey,India,1
1948,Hockey,Netherlands,1
1948,Ice Hockey,Canada,1
1948,Ice Hockey,Czechoslovakia,1
1948,Ice Hockey,Switzerland,1
1948,Modern Pentathlon,Sweden,2
1948,Modern Pentathlon,United States of America,1
1948,Nordic Combined,Finland,2
1948,Nordic Combined,Sweden,1
1948,Rowing,Denmark,4
1948,Rowing,Italy,4
1948,Rowing,Great Britain,3
1948,Sailing,United States of America,4
1948,Sailing,Denmark,2
1948,Sailing,Netherlands,2
1948,Shooting,Sweden,3
1948,Shooting,Switzerland,2
1948,Shooting,United States of America,2
1948,Skeleton,Great Britain,1
1948,Skeleton,Italy,1
1948,Skeleton,United States of America,1
1948,Ski Jumping,Norway,3
1948,Speed skating,Norway,6
1948,Speed skating,Finland,2
1948,Speed skating,Sweden,2
1948,Swimming,United States of America,15
1948,Swimming,Australia,4
1948,Swimming,Denmark,4
1948,Water Polo,Hungary,1
1948,Water Polo,Italy,1
1948,Water Polo,Netherlands,1
1948,Weightlifting,United States of America,8
1948,Weightlifting,Egypt,3
1948,Weightlifting,Great Britain,2
1948,Wrestling,Sweden,13
1948,Wrestling,Turkey,11
1948,Wrestling,Hungary,4
1952,Alpine Skiing,Austria,7
1952,Alpine Skiing,Germany,4
1952,Alpine Skiing,Norway,3
1952,Athletics,United States of America,31
1952,Athletics,Soviet Union,17
1952,Athletics,Germany,8
1952,Basketball,Soviet Union,1
1952,Basketball,United States of America,1
1952,Basketball,Uruguay,1
1952,Bobsleigh,Germany,2
1952,Bobsleigh,Switzerland,2
1952,Bobsleigh,United States of America,2
1952,Boxing,Soviet Union,6
1952,Boxing,Finland,5
1952,Boxing,United States of America,5
1952,Canoe Sprint,Finland,4
1952,Canoe Sprint,Austria,2
1952,Canoe Sprint,Czechoslovakia,2
1952,Cross Country Skiing,Finland,8
1952,Cross Country Skiing,Norway,3
1952,Cross Country Skiing,Sweden,1
1952,Cycling Road,Belgium,3
1952,Cycling Road,France,1
1952,Cycling Road,Germany,1
1952,Cycling Track,Italy,4
1952,Cycling Track,Australia,3
1952,Cycling Track,South Africa,3
1952,Diving,United States of America,9
1952,Diving,France,1
1952,Diving,Germany,1
1952,Equestrian Dressage,Denmark,1
1952,Equestrian Dressage,France,1
1952,Equestrian Dressage,Germany,1
1952,Equestrian Eventing,Sweden,2
1952,Equestrian Eventing,France,1
1952,Equestrian Eventing,Germany,1
1952,Equestrian Jumping,Chile,2
1952,Equestrian Jumping,France,1
1952,Equestrian Jumping,Germany,1
1952,Fencing,Italy,8
1952,Fencing,Hungary,6
1952,Fencing,France,3
1952,Figure skating,United States of America,4
1952,Figure skating,Austria,1
1952,Figure skating,France,1
1952,Football,Hungary,1
1952,Football,Sweden,1
1952,Football,Yugoslavia,1
1952,Gymnastics Artistic,Soviet Union,21
1952,Gymnastics Artistic,Hungary,8
1952,Gymnastics Artistic,Switzerland,7
1952,Hockey,Great Britain,1
1952,Hockey,India,1
1952,Hockey,Netherlands,1
1952,Ice Hockey,Canada,1
1952,Ice Hockey,Sweden,1
1952,Ice Hockey,United States of America,1
1952,Modern Pentathlon,Hungary,3
1952,Modern Pentathlon,Sweden,2
1952,Modern Pentathlon,Finland,1
1952,Nordic Combined,Norway,2
1952,Nordic Combined,Finland,1
1952,Rowing,Soviet Union,3
1952,Rowing,United States of America,3
1952,Rowing,Australia,2
1952,Sailing,Norway,3
1952,Sailing,Sweden,3
1952,Sailing,United States of America,3
1952,Shooting,Soviet Union,4
1952,Shooting,Hungary,3
1952,Shooting,Sweden,3
1952,Ski Jumping,Norway,2
1952,Ski Jumping,Sweden,1
1952,Speed skating,Norway,6
1952,Speed skating,Netherlands,3
1952,Speed skating,United States of America,2
1952,Swimming,United States of America,9
1952,Swimming,Hungary,7
1952,Swimming,France,3
1952,Water Polo,Hungary,1
1952,Water Polo,Italy,1
1952,Water Polo,Yugoslavia,1
1952,Weightlifting,Soviet Union,7
1952,Weightlifting,United States of America,6
1952,Weightlifting,Islamic Republic of Iran,2
1952,Wrestling,Soviet Union,10
1952,Wrestling,Sweden,8
1952,Wrestling,Islamic Republic of Iran,5
1956,Alpine Skiing,Austria,9
1956,Alpine Skiing,Switzerland,4
1956,Alpine Skiing,Canada,1
1956,Athletics,United States of America,31
1956,Athletics,Soviet Union,22
1956,Athletics,Australia,12
1956,Basketball,Soviet Union,1
1956,Basketball,United States of America,1
1956,Basketball,Uruguay,1
1956,Bobsleigh,Italy,3
1956,Bobsleigh,Switzerland,2
1956,Bobsleigh,United States of America,1
1956,Boxing,Soviet Union,6
1956,Boxing,Great Britain,5
1956,Boxing,Ireland,4
1956,Canoe Marathon,Hungary,4
1956,Canoe Marathon,Germany,2
1956,Canoe Marathon,Soviet Union,2
1956,Canoe Sprint,Soviet Union,5
1956,Canoe Sprint,Hungary,3
1956,Canoe Sprint,Germany,2
1956,Cross Country Skiing,Soviet Union,7
1956,Cross Country Skiing,Sweden,6
1956,Cross Country Skiing,Finland,4
1956,Cycling Road,France,2
1956,Cycling Road,Great Britain,2
1956,Cycling Road,Germany,1
1956,Cycling Track,Italy,4
1956,Cycling Track,Australia,2
1956,Cycling Track,Czechoslovakia,2
1956,Diving,United States of America,9
1956,Diving,Mexico,2
1956,Diving,Canada,1
1956,Fencing,Italy,7
1956,Fencing,France,4
1956,Fencing,Hungary,4
1956,Figure skating,United States of America,5
1956,Figure skating,Austria,2
1956,Figure skating,Canada,1
1956,Football,Bulgaria,1
1956,Football,Soviet Union,1
1956,Football,Yugoslavia,1
1956,Gymnastics Artistic,Soviet Union,22
1956,Gymnastics Artistic,Japan,9
1956,Gymnastics Artistic,Hungary,7
1956,Hockey,Germany,1
1956,Hockey,India,1
1956,Hockey,Pakistan,1
1956,Ice Hockey,Canada,1
1956,Ice Hockey,Soviet Union,1
1956,Ice Hockey,United States of America,1
1956,Modern Pentathlon,Finland,3
1956,Modern Pentathlon,Soviet Union,1
1956,Modern Pentathlon,Sweden,1
1956,Nordic Combined,Norway,1
1956,Nordic Combined,Poland,1
1956,Nordic Combined,Sweden,1
1956,Rowing,United States of America,6
1956,Rowing,Soviet Union,4
1956,Rowing,Australia,3
1956,Sailing,Great Britain,3
1956,Sailing,Australia,2
1956,Sailing,Denmark,2
1956,Shooting,Soviet Union,8
1956,Shooting,Canada,2
1956,Shooting,Finland,2
1956,Ski Jumping,Finland,2
1956,Ski Jumping,Germany,1
1956,Speed skating,Soviet Union,5
1956,Speed skating,Norway,2
1956,Speed skating,Sweden,2
1956,Swimming,Australia,14
1956,Swimming,United States of America,11
1956,Swimming,Japan,5
1956,Water Polo,Hungary,1
1956,Water Polo,Soviet Union,1
1956,Water Polo,Yugoslavia,1
1956,Weightlifting,Soviet Union,7
1956,Weightlifting,United States of America,7
1956,Weightlifting,Italy,2
1956,Wrestling,Soviet Union,13
1956,Wrestling,Turkey,7
1956,Wrestling,Bulgaria,4
1960,Alpine Skiing,Austria,5
1960,Alpine Skiing,France,3
1960,Alpine Skiing,Germany,3
1960,Athletics,United States of America,26
1960,Athletics,Soviet Union,21
1960,Athletics,Germany,13
1960,Basketball,Brazil,1
1960,Basketball,Soviet Union,1
1960,Basketball,United States of America,1
1960,Biathlon,Finland,1
1960,Biathlon,Soviet Union,1
1960,Biathlon,Sweden,1
1960,Boxing,Italy,7
1960,Boxing,Poland,7
1960,Boxing,Soviet Union,5
1960,Canoe Sprint,Hungary,6
1960,Canoe Sprint,Soviet Union,4
1960,Canoe Sprint,Germany,3
1960,Cross Country Skiing,Soviet Union,6
1960,Cross Country Skiing,Finland,5
1960,Cross Country Skiing,Sweden,5
1960,Cycling Road,Italy,2
1960,Cycling Road,Soviet Union,2
1960,Cycling Road,Belgium,1
1960,Cycling Track,Italy,5
1960,Cycling Track,Germany,3
1960,Cycling Track,Soviet Union,3
1960,Diving,United States of America,6
1960,Diving,Germany,2
1960,Diving,Great Britain,2
1960,Equestrian Dressage,Germany,1
1960,Equestrian Dressage,Soviet Union,1
1960,Equestrian Dressage,Switzerland,1
1960,Equestrian Eventing,Australia,3
1960,Equestrian Eventing,Switzerland,2
1960,Equestrian Eventing,France,1
1960,Equestrian Jumping,Italy,3
1960,Equestrian Jumping,Germany,1
1960,Equestrian Jumping,Great Britain,1
1960,Fencing,Soviet Union,7
1960,Fencing,Italy,6
1960,Fencing,Hungary,4
1960,Figure skating,United States of America,4
1960,Figure skating,Canada,2
1960,Figure skating,Czechoslovakia,1
1960,Football,Denmark,1
1960,Football,Hungary,1
1960,Football,Yugoslavia,1
1960,Gymnastics Artistic,Soviet Union,26
1960,Gymnastics Artistic,Japan,9
1960,Gymnastics Artistic,Italy,3
1960,Hockey,India,1
1960,Hockey,Pakistan,1
1960,Hockey,Spain,1
1960,Ice Hockey,Canada,1
1960,Ice Hockey,Soviet Union,1
1960,Ice Hockey,United States of America,1
1960,Modern Pentathlon,Hungary,3
1960,Modern Pentathlon,United States of America,2
1960,Modern Pentathlon,Soviet Union,1
1960,Nordic Combined,Germany,1
1960,Nordic Combined,Norway,1
1960,Nordic Combined,Soviet Union,1
1960,Rowing,Soviet Union,5
1960,Rowing,Germany,4
1960,Rowing,Czechoslovakia,2
1960,Sailing,Denmark,3
1960,Sailing,Soviet Union,2
1960,Sailing,United States of America,2
1960,Shooting,Soviet Union,7
1960,Shooting,Germany,2
1960,Shooting,United States of America,2
1960,Ski Jumping,Austria,1
1960,Ski Jumping,Finland,1
1960,Ski Jumping,Germany,1
1960,Speed skating,Soviet Union,12
1960,Speed skating,Norway,3
1960,Speed skating,Germany,2
1960,Swimming,United States of America,15
1960,Swimming,Australia,13
1960,Swimming,Japan,5
1960,Water Polo,Hungary,1
1960,Water Polo,Italy,1
1960,Water Polo,Soviet Union,1
1960,Weightlifting,Soviet Union,6
1960,Weightlifting,United States of America,6
1960,Weightlifting,Poland,2
1960,Wrestling,Soviet Union,10
1960,Wrestling,Turkey,9
1960,Wrestling,Bulgaria,6
1964,Alpine Skiing,Austria,7
1964,Alpine Skiing,France,6
1964,Alpine Skiing,United States of America,4
1964,Athletics,United States of America,24
1964,Athletics,Soviet Union,18
1964,Athletics,Great Britain,12
1964,Basketball,Brazil,1
1964,Basketball,Soviet Union,1
1964,Basketball,United States of America,1
1964,Biathlon,Soviet Union,2
1964,Biathlon,Norway,1
1964,Bobsleigh,Italy,3
1964,Bobsleigh,Austria,1
1964,Bobsleigh,Canada,1
1964,Boxing,Soviet Union,9
1964,Boxing,Poland,7
1964,Boxing,Italy,5
1964,Canoe Sprint,Romania,5
1964,Canoe Sprint,Germany,4
1964,Canoe Sprint,Soviet Union,4
1964,Cross Country Skiing,Soviet Union,8
1964,Cross Country Skiing,Finland,6
1964,Cross Country Skiing,Sweden,5
1964,Cycling Road,Italy,2
1964,Cycling Road,Belgium,1
1964,Cycling Road,Denmark,1
1964,Cycling Track,Italy,6
1964,Cycling Track,France,2
1964,Cycling Track,Germany,2
1964,Diving,United States of America,8
1964,Diving,Germany,2
1964,Diving,Italy,1
1964,Equestrian Dressage,Soviet Union,2
1964,Equestrian Dressage,Switzerland,2
1964,Equestrian Eventing,Germany,2
1964,Equestrian Eventing,Italy,2
1964,Equestrian Eventing,Argentina,1
1964,Equestrian Jumping,France,2
1964,Equestrian Jumping,Germany,2
1964,Equestrian Jumping,Great Britain,1
1964,Fencing,Soviet Union,6
1964,Fencing,France,5
1964,Fencing,Hungary,4
1964,Figure skating,Canada,2
1964,Figure skating,Germany,2
1964,Figure skating,United States of America,2
1964,Football,Czechoslovakia,1
1964,Football,Germany,1
1964,Football,Hungary,1
1964,Gymnastics Artistic,Soviet Union,18
1964,Gymnastics Artistic,Japan,10
1964,Gymnastics Artistic,Czechoslovakia,4
1964,Hockey,Australia,1
1964,Hockey,India,1
1964,Hockey,Pakistan,1
1964,Ice Hockey,Czechoslovakia,1
1964,Ice Hockey,Soviet Union,1
1964,Ice Hockey,Sweden,1
1964,Judo,Japan,4
1964,Judo,Germany,2
1964,Judo,Soviet Union,2
1964,Luge,Germany,5
1964,Luge,Austria,3
1964,Luge,Italy,1
1964,Modern Pentathlon,Soviet Union,3
1964,Modern Pentathlon,Hungary,2
1964,Modern Pentathlon,United States of America,1
1964,Nordic Combined,Germany,1
1964,Nordic Combined,Norway,1
1964,Nordic Combined,Soviet Union,1
1964,Rowing,Germany,4
1964,Rowing,United States of America,4
1964,Rowing,Netherlands,3
1964,Sailing,United States of America,5
1964,Sailing,Denmark,2
1964,Sailing,Germany,2
1964,Shooting,United States of America,7
1964,Shooting,Finland,2
1964,Shooting,Hungary,2
1964,Ski Jumping,Norway,4
1964,Ski Jumping,Finland,2
1964,Speed skating,Soviet Union,11
1964,Speed skating,Norway,7
1964,Speed skating,Finland,2
1964,Swimming,United States of America,29
1964,Swimming,Australia,9
1964,Swimming,Germany,6
1964,Volleyball,Japan,2
1964,Volleyball,Soviet Union,2
1964,Volleyball,Czechoslovakia,1
1964,Water Polo,Hungary,1
1964,Water Polo,Soviet Union,1
1964,Water Polo,Yugoslavia,1
1964,Weightlifting,Soviet Union,7
1964,Weightlifting,Poland,4
1964,Weightlifting,Hungary,3
1964,Wrestling,Soviet Union,10
1964,Wrestling,Bulgaria,8
1964,Wrestling,Japan,6
1968,Alpine Skiing,France,8
1968,Alpine Skiing,Austria,5
1968,Alpine Skiing,Switzerland,3
1968,Athletics,United States of America,28
1968,Athletics,Soviet Union,13
1968,Athletics,Federal Republic of Germany,8
1968,Basketball,Soviet Union,1
1968,Basketball,United States of America,1
1968,Basketball,Yugoslavia,1
1968,Biathlon,Soviet Union,3
1968,Biathlon,Norway,2
1968,Biathlon,Sweden,1
1968,Bobsleigh,Italy,2
1968,Bobsleigh,Austria,1
1968,Bobsleigh,Federal Republic of Germany,1
1968,Boxing,United States of America,7
1968,Boxing,Soviet Union,6
1968,Boxing,Poland,5
1968,Canoe Sprint,Hungary,6
1968,Canoe Sprint,Soviet Union,6
1968,Canoe Sprint,Federal Republic of Germany,3
1968,Cross Country Skiing,Norway,7
1968,Cross Country Skiing,Sweden,5
1968,Cross Country Skiing,Soviet Union,4
1968,Cycling Road,Italy,2
1968,Cycling Road,Sweden,2
1968,Cycling Road,Denmark,1
1968,Cycling Track,France,5
1968,Cycling Track,Denmark,3
1968,Cycling Track,Italy,2
1968,Diving,United States of America,6
1968,Diving,Italy,2
1968,Diving,Soviet Union,2
1968,Equestrian Dressage,Federal Republic of Germany,3
1968,Equestrian Dressage,Soviet Union,2
1968,Equestrian Dressage,Switzerland,1
1968,Equestrian Eventing,Great Britain,2
1968,Equestrian Eventing,United States of America,2
1968,Equestrian Eventing,Australia,1
1968,Equestrian Jumping,Canada,1
1968,Equestrian Jumping,Federal Republic of Germany,1
1968,Equestrian Jumping,France,1
1968,Fencing,Hungary,7
1968,Fencing,Soviet Union,7
1968,Fencing,Poland,3
1968,Figure skating,Soviet Union,2
1968,Figure skating,United States of America,2
1968,Figure skating,Austria,1
1968,Football,Bulgaria,1
1968,Football,Hungary,1
1968,Football,Japan,1
1968,Gymnastics Artistic,Soviet Union,18
1968,Gymnastics Artistic,Japan,12
1968,Gymnastics Artistic,Czechoslovakia,6
1968,Hockey,Australia,1
1968,Hockey,India,1
1968,Hockey,Pakistan,1
1968,Ice Hockey,Canada,1
1968,Ice Hockey,Czechoslovakia,1
1968,Ice Hockey,Soviet Union,1
1968,Luge,Federal Republic of Germany,3
1968,Luge,German Democratic Republic (Germany),3
1968,Luge,Austria,2
1968,Modern Pentathlon,Hungary,2
1968,Modern Pentathlon,Soviet Union,2
1968,Modern Pentathlon,France,1
1968,Nordic Combined,Federal Republic of Germany,1
1968,Nordic Combined,German Democratic Republic (Germany),1
1968,Nordic Combined,Switzerland,1
1968,Rowing,German Democratic Republic (Germany),3
1968,Rowing,Netherlands,3
1968,Rowing,Denmark,2
1968,Sailing,Great Britain,2
1968,Sailing,Italy,2
1968,Sailing,United States of America,2
1968,Shooting,Soviet Union,5
1968,Shooting,Federal Republic of Germany,3
1968,Shooting,United States of America,3
1968,Ski Jumping,Austria,2
1968,Ski Jumping,Czechoslovakia,2
1968,Ski Jumping,Norway,1
1968,Speed skating,Netherlands,9
1968,Speed skating,Norway,4
1968,Speed skating,United States of America,3
1968,Swimming,United States of America,52
1968,Swimming,Australia,8
1968,Swimming,Soviet Union,8
1968,Volleyball,Japan,2
1968,Volleyball,Soviet Union,2
1968,Volleyball,Czechoslovakia,1
1968,Water Polo,Hungary,1
1968,Water Polo,Soviet Union,1
1968,Water Polo,Yugoslavia,1
1968,Weightlifting,Soviet Union,6
1968,Weightlifting,Poland,5
1968,Weightlifting,Japan,3
1968,Wrestling,Soviet Union,9
1968,Wrestling,Bulgaria,6
1968,Wrestling,Japan,5
1972,Alpine Skiing,Switzerland,6
1972,Alpine Skiing,Austria,4
1972,Alpine Skiing,Italy,3
1972,Archery,United States of America,2
1972,Archery,Finland,1
1972,Archery,Poland,1
1972,Athletics,United States of America,22
1972,Athletics,German Democratic Republic (Germany),20
1972,Athletics,Soviet Union,17
1972,Basketball,Cuba,1
1972,Basketball,Soviet Union,1
1972,Basketball,United States of America,1
1972,Biathlon,German Democratic Republic (Germany),2
1972,Biathlon,Finland,1
1972,Biathlon,Norway,1
1972,Bobsleigh,Federal Republic of Germany,3
1972,Bobsleigh,Switzerland,2
1972,Bobsleigh,Italy,1
1972,Boxing,Cuba,5
1972,Boxing,Hungary,4
1972,Boxing,Poland,4
1972,Canoe Slalom,German Democratic Republic (Germany),5
1972,Canoe Slalom,Federal Republic of Germany,4
1972,Canoe Slalom,Austria,1
1972,Canoe Sprint,Soviet Union,6
1972,Canoe Sprint,Hungary,4
1972,Canoe Sprint,Romania,4
1972,Cross Country Skiing,Soviet Union,8
1972,Cross Country Skiing,Norway,7
1972,Cross Country Skiing,Finland,3
1972,Cycling Road,Australia,1
1972,Cycling Road,Netherlands,1
1972,Cycling Road,Poland,1
1972,Cycling Track,German Democratic Republic (Germany),3
1972,Cycling Track,Australia,2
1972,Cycling Track,Federal Republic of Germany,2
1972,Diving,Italy,3
1972,Diving,United States of America,3
1972,Diving,German Democratic Republic (Germany),2
1972,Equestrian Dressage,Federal Republic of Germany,3
1972,Equestrian Dressage,Soviet Union,2
1972,Equestrian Dressage,Sweden,1
1972,Equestrian Eventing,Great Britain,2
1972,Equestrian Eventing,Federal Republic of Germany,1
1972,Equestrian Eventing,Italy,1
1972,Equestrian Jumping,Italy,2
1972,Equestrian Jumping,United States of America,2
1972,Equestrian Jumping,Federal Republic of Germany,1
1972,Fencing,Hungary,8
1972,Fencing,Soviet Union,7
1972,Fencing,France,3
1972,Figure skating,Soviet Union,3
1972,Figure skating,Austria,1
1972,Figure skating,Canada,1
1972,Football,German Democratic Republic (Germany),1
1972,Football,Hungary,1
1972,Football,Poland,1
1972,Gymnastics Artistic,Japan,16
1972,Gymnastics Artistic,Soviet Union,16
1972,Gymnastics Artistic,German Democratic Republic (Germany),9
1972,Handball,Czechoslovakia,1
1972,Handball,Romania,1
1972,Handball,Yugoslavia,1
1972,Hockey,Federal Republic of Germany,1
1972,Hockey,India,1
1972,Hockey,Pakistan,1
1972,Ice Hockey,Czechoslovakia,1
1972,Ice Hockey,Soviet Union,1
1972,Ice Hockey,United States of America,1
1972,Judo,Japan,4
1972,Judo,Soviet Union,4
1972,Judo,France,3
1972,Luge,German Democratic Republic (Germany),8
1972,Luge,Italy,1
1972,Modern Pentathlon,Soviet Union,3
1972,Modern Pentathlon,Hungary,2
1972,Modern Pentathlon,Finland,1
1972,Nordic Combined,German Democratic Republic (Germany),2
1972,Nordic Combined,Finland,1
1972,Rowing,German Democratic Republic (Germany),7
1972,Rowing,Czechoslovakia,2
1972,Rowing,Federal Republic of Germany,2
1972,Sailing,United States of America,3
1972,Sailing,Australia,2
1972,Sailing,Federal Republic of Germany,2
1972,Shooting,Soviet Union,4
1972,Shooting,United States of America,4
1972,Shooting,German Democratic Republic (Germany),2
1972,Ski Jumping,Japan,3
1972,Ski Jumping,German Democratic Republic (Germany),1
1972,Ski Jumping,Poland,1
1972,Speed skating,Netherlands,9
1972,Speed skating,Norway,4
1972,Speed skating,United States of America,4
1972,Swimming,United States of America,43
1972,Swimming,Australia,10
1972,Swimming,German Democratic Republic (Germany),9
1972,Volleyball,Japan,2
1972,Volleyball,Soviet Union,2
1972,Volleyball,Democratic People's Republic of Korea,1
1972,Water Polo,Hungary,1
1972,Water Polo,Soviet Union,1
1972,Water Polo,United States of America,1
1972,Weightlifting,Bulgaria,6
1972,Weightlifting,Hungary,5
1972,Weightlifting,Soviet Union,5
1972,Wrestling,Soviet Union,14
1972,Wrestling,Bulgaria,8
1972,Wrestling,United States of America,6
1976,Alpine Skiing,Italy,4
1976,Alpine Skiing,Federal Republic of Germany,3
1976,Alpine Skiing,Switzerland,3
1976,Archery,Soviet Union,2
1976,Archery,United States of America,2
1976,Archery,Italy,1
1976,Athletics,German Democratic Republic (Germany),27
1976,Athletics,United States of America,22
1976,Athletics,Soviet Union,18
1976,Basketball,Soviet Union,2
1976,Basketball,United States of America,2
1976,Basketball,Bulgaria,1
1976,Biathlon,Soviet Union,3
1976,Biathlon,Finland,2
1976,Biathlon,German Democratic Republic (Germany),1
1976,Bobsleigh,Federal Republic of Germany,2
1976,Bobsleigh,German Democratic Republic (Germany),2
1976,Bobsleigh,Switzerland,2
1976,Boxing,Cuba,8
1976,Boxing,United States of America,7
1976,Boxing,Poland,5
1976,Canoe Sprint,Soviet Union,9
1976,Canoe Sprint,Hungary,8
1976,Canoe Sprint,German Democratic Republic (Germany),7
1976,Cross Country Skiing,Soviet Union,10
1976,Cross Country Skiing,Finland,5
1976,Cross Country Skiing,German Democratic Republic (Germany),2
1976,Cycling Road,Poland,2
1976,Cycling Road,Denmark,1
1976,Cycling Road,Italy,1
1976,Cycling Track,German Democratic Republic (Germany),3
1976,Cycling Track,Federal Republic of Germany,2
1976,Cycling Track,Belgium,1
1976,Diving,United States of America,5
1976,Diving,Soviet Union,3
1976,Diving,Italy,2
1976,Equestrian Dressage,Federal Republic of Germany,3
1976,Equestrian Dressage,Switzerland,2
1976,Equestrian Dressage,United States of America,1
1976,Equestrian Eventing,United States of America,3
1976,Equestrian Eventing,Australia,1
1976,Equestrian Eventing,Federal Republic of Germany,1
1976,Equestrian Jumping,Belgium,2
1976,Equestrian Jumping,Canada,1
1976,Equestrian Jumping,Federal Republic of Germany,1
1976,Fencing,Soviet Union,7
1976,Fencing,Federal Republic of Germany,4
1976,Fencing,Italy,4
1976,Figure skating,Soviet Union,4
1976,Figure skating,German Democratic Republic (Germany),3
1976,Figure skating,United States of America,2
1976,Football,German Democratic Republic (Germany),1
1976,Football,Poland,1
1976,Football,Soviet Union,1
1976,Gymnastics Artistic,Soviet Union,17
1976,Gymnastics Artistic,Japan,10
1976,Gymnastics Artistic,Romania,8
1976,Handball,Soviet Union,2
1976,Handball,German Democratic Republic (Germany),1
1976,Handball,Hungary,1
1976,Hockey,Australia,1
1976,Hockey,New Zealand,1
1976,Hockey,Pakistan,1
1976,Ice Hockey,Czechoslovakia,1
1976,Ice Hockey,Federal Republic of Germany,1
1976,Ice Hockey,Soviet Union,1
1976,Judo,Japan,5
1976,Judo,Soviet Union,5
1976,Judo,Republic of Korea,3
1976,Luge,German Democratic Republic (Germany),5
1976,Luge,Federal Republic of Germany,3
1976,Luge,Austria,1
1976,Modern Pentathlon,Czechoslovakia,2
1976,Modern Pentathlon,Great Britain,1
1976,Modern Pentathlon,Hungary,1
1976,Nordic Combined,German Democratic Republic (Germany),2
1976,Nordic Combined,Federal Republic of Germany,1
1976,Rowing,German Democratic Republic (Germany),14
1976,Rowing,Soviet Union,9
1976,Rowing,Federal Republic of Germany,4
1976,Sailing,Federal Republic of Germany,3
1976,Sailing,United States of America,3
1976,Sailing,Australia,2
1976,Shooting,German Democratic Republic (Germany),4
1976,Shooting,Federal Republic of Germany,3
1976,Shooting,Soviet Union,3
1976,Ski Jumping,Austria,3
1976,Ski Jumping,German Democratic Republic (Germany),3
1976,Speed skating,Soviet Union,8
1976,Speed skating,United States of America,6
1976,Speed skating,Netherlands,5
1976,Swimming,United States of America,34
1976,Swimming,German Democratic Republic (Germany),19
1976,Swimming,Soviet Union,9
1976,Volleyball,Soviet Union,2
1976,Volleyball,Cuba,1
1976,Volleyball,Japan,1
1976,Water Polo,Hungary,1
1976,Water Polo,Italy,1
1976,Water Polo,Netherlands,1
1976,Weightlifting,Soviet Union,8
1976,Weightlifting,Bulgaria,6
1976,Weightlifting,German Democratic Republic (Germany),3
1976,Wrestling,Soviet Union,18
1976,Wrestling,Bulgaria,7
1976,Wrestling,Japan,6
1980,Alpine Skiing,Austria,4
1980,Alpine Skiing,Liechtenstein,4
1980,Alpine Skiing,Switzerland,3
1980,Archery,Soviet Union,3
1980,Archery,Finland,2
1980,Archery,Italy,1
1980,Athletics,Soviet Union,41
1980,Athletics,German Democratic Republic (Germany),29
1980,Athletics,Great Britain,10
1980,Basketball,Soviet Union,2
1980,Basketball,Yugoslavia,2
1980,Basketball,Bulgaria,1
1980,Biathlon,German Democratic Republic (Germany),4
1980,Biathlon,Soviet Union,4
1980,Biathlon,Federal Republic of Germany,1
1980,Bobsleigh,German Democratic Republic (Germany),4
1980,Bobsleigh,Switzerland,2
1980,Boxing,Cuba,10
1980,Boxing,Soviet Union,8
1980,Boxing,German Democratic Republic (Germany),6
1980,Canoe Sprint,German Democratic Republic (Germany),8
1980,Canoe Sprint,Soviet Union,8
1980,Canoe Sprint,Bulgaria,5
1980,Cross Country Skiing,Soviet Union,7
1980,Cross Country Skiing,Finland,6
1980,Cross Country Skiing,Norway,3
1980,Cycling Road,Soviet Union,3
1980,Cycling Road,Czechoslovakia,1
1980,Cycling Road,German Democratic Republic (Germany),1
1980,Cycling Track,German Democratic Republic (Germany),3
1980,Cycling Track,Soviet Union,3
1980,Cycling Track,France,2
1980,Diving,Soviet Union,6
1980,Diving,German Democratic Republic (Germany),4
1980,Diving,Italy,1
1980,Equestrian Dressage,Austria,1
1980,Equestrian Dressage,Bulgaria,1
1980,Equestrian Dressage,Romania,1
1980,Equestrian Eventing,Italy,2
1980,Equestrian Eventing,Soviet Union,1
1980,Equestrian Jumping,Mexico,2
1980,Equestrian Jumping,Poland,2
1980,Equestrian Jumping,Soviet Union,2
1980,Fencing,Soviet Union,8
1980,Fencing,France,6
1980,Fencing,Hungary,5
1980,Figure skating,Soviet Union,4
1980,Figure skating,German Democratic Republic (Germany),3
1980,Figure skating,United States of America,2
1980,Football,Czechoslovakia,1
1980,Football,German Democratic Republic (Germany),1
1980,Football,Soviet Union,1
1980,Gymnastics Artistic,Soviet Union,22
1980,Gymnastics Artistic,German Democratic Republic (Germany),11
1980,Gymnastics Artistic,Romania,7
1980,Handball,German Democratic Republic (Germany),2
1980,Handball,Soviet Union,2
1980,Handball,Romania,1
1980,Hockey,Soviet Union,2
1980,Hockey,Czechoslovakia,1
1980,Hockey,India,1
1980,Ice Hockey,Soviet Union,1
1980,Ice Hockey,Sweden,1
1980,Ice Hockey,United States of America,1
1980,Judo,German Democratic Republic (Germany),5
1980,Judo,Soviet Union,5
1980,Judo,France,4
1980,Luge,German Democratic Republic (Germany),3
1980,Luge,Italy,2
1980,Luge,Soviet Union,2
1980,Modern Pentathlon,Hungary,2
1980,Modern Pentathlon,Soviet Union,2
1980,Modern Pentathlon,Sweden,1
1980,Nordic Combined,German Democratic Republic (Germany),2
1980,Nordic Combined,Finland,1
1980,Rowing,German Democratic Republic (Germany),14
1980,Rowing,Soviet Union,12
1980,Rowing,Bulgaria,4
1980,Sailing,Soviet Union,3
1980,Sailing,Austria,2
1980,Sailing,Brazil,2
1980,Shooting,German Democratic Republic (Germany),6
1980,Shooting,Soviet Union,5
1980,Shooting,Bulgaria,2
1980,Ski Jumping,Austria,2
1980,Ski Jumping,Finland,2
1980,Ski Jumping,German Democratic Republic (Germany),1
1980,Speed skating,United States of America,8
1980,Speed skating,Norway,7
1980,Speed skating,German Democratic Republic (Germany),4
1980,Swimming,German Democratic Republic (Germany),30
1980,Swimming,Soviet Union,22
1980,Swimming,Australia,7
1980,Volleyball,Bulgaria,2
1980,Volleyball,Soviet Union,2
1980,Volleyball,German Democratic Republic (Germany),1
1980,Water Polo,Hungary,1
1980,Water Polo,Soviet Union,1
1980,Water Polo,Yugoslavia,1
1980,Weightlifting,Bulgaria,8
1980,Weightlifting,Soviet Union,8
1980,Weightlifting,German Democratic Republic (Germany),3
1980,Wrestling,Soviet Union,17
1980,Wrestling,Bulgaria,10
1980,Wrestling,Hungary,7
1984,Alpine Skiing,United States of America,5
1984,Alpine Skiing,Switzerland,4
1984,Alpine Skiing,France,3
1984,Archery,Republic of Korea,2
1984,Archery,United States of America,2
1984,Archery,Japan,1
1984,Athletics,United States of America,40
1984,Athletics,Great Britain,16
1984,Athletics,Federal Republic of Germany,11
1984,Basketball,United States of America,2
1984,Basketball,People's Republic of China,1
1984,Basketball,Republic of Korea,1
1984,Biathlon,Federal Republic of Germany,3
1984,Biathlon,Norway,3
1984,Biathlon,German Democratic Republic (Germany),2
1984,Bobsleigh,German Democratic Republic (Germany),4
1984,Bobsleigh,Soviet Union,1
1984,Bobsleigh,Switzerland,1
1984,Boxing,United States of America,11
1984,Boxing,Italy,5
1984,Boxing,Yugoslavia,4
1984,Canoe Sprint,Canada,6
1984,Canoe Sprint,Sweden,6
1984,Canoe Sprint,France,4
1984,Cross Country Skiing,Finland,8
1984,Cross Country Skiing,Soviet Union,5
1984,Cross Country Skiing,Sweden,5
1984,Cycling Road,United States of America,4
1984,Cycling Road,Canada,1
1984,Cycling Road,Federal Republic of Germany,1
1984,Cycling Track,United States of America,5
1984,Cycling Track,Federal Republic of Germany,4
1984,Cycling Track,Australia,1
1984,Diving,United States of America,8
1984,Diving,People's Republic of China,3
1984,Diving,Canada,1
1984,Equestrian Dressage,Federal Republic of Germany,2
1984,Equestrian Dressage,Denmark,1
1984,Equestrian Dressage,Sweden,1
1984,Equestrian Eventing,Great Britain,2
1984,Equestrian Eventing,United States of America,2
1984,Equestrian Eventing,Federal Republic of Germany,1
1984,Equestrian Jumping,Switzerland,1
1984,Equestrian Jumping,United States of America,1
1984,Fencing,France,7
1984,Fencing,Italy,7
1984,Fencing,Federal Republic of Germany,5
1984,Figure skating,Soviet Union,5
1984,Figure skating,United States of America,3
1984,Figure skating,Canada,1
1984,Football,Brazil,1
1984,Football,France,1
1984,Football,Yugoslavia,1
1984,Gymnastics Artistic,United States of America,16
1984,Gymnastics Artistic,People's Republic of China,11
1984,Gymnastics Artistic,Japan,8
1984,Gymnastics Rhythmic,Canada,1
1984,Gymnastics Rhythmic,Federal Republic of Germany,1
1984,Handball,Yugoslavia,2
1984,Handball,Federal Republic of Germany,1
1984,Handball,People's Republic of China,1
1984,Hockey,Federal Republic of Germany,2
1984,Hockey,Great Britain,1
1984,Hockey,Netherlands,1
1984,Ice Hockey,Czechoslovakia,1
1984,Ice Hockey,Soviet Union,1
1984,Ice Hockey,Sweden,1
1984,Judo,Japan,5
1984,Judo,Republic of Korea,5
1984,Judo,Brazil,3
1984,Luge,German Democratic Republic (Germany),4
1984,Luge,Soviet Union,3
1984,Luge,Federal Republic of Germany,1
1984,Modern Pentathlon,Italy,3
1984,Modern Pentathlon,France,1
1984,Modern Pentathlon,Sweden,1
1984,Nordic Combined,Finland,2
1984,Nordic Combined,Norway,1
1984,Rowing,Romania,8
1984,Rowing,United States of America,8
1984,Rowing,Canada,6
1984,Sailing,United States of America,7
1984,Sailing,Canada,3
1984,Sailing,New Zealand,3
1984,Shooting,People's Republic of China,6
1984,Shooting,United States of America,6
1984,Shooting,Great Britain,4
1984,Ski Jumping,Finland,3
1984,Ski Jumping,German Democratic Republic (Germany),2
1984,Ski Jumping,Czechoslovakia,1
1984,Speed skating,German Democratic Republic (Germany),11
1984,Speed skating,Soviet Union,9
1984,Speed skating,Canada,3
1984,Swimming,United States of America,33
1984,Swimming,Australia,12
1984,Swimming,Federal Republic of Germany,11
1984,Synchronized Swimming,Canada,2
1984,Synchronized Swimming,Japan,2
1984,Synchronized Swimming,United States of America,2
1984,Volleyball,United States of America,2
1984,Volleyball,Brazil,1
1984,Volleyball,Italy,1
1984,Water Polo,Federal Republic of Germany,1
1984,Water Polo,United States of America,1
1984,Water Polo,Yugoslavia,1
1984,Weightlifting,Romania,8
1984,Weightlifting,People's Republic of China,6
1984,Weightlifting,Federal Republic of Germany,3
1984,Wrestling,United States of America,13
1984,Wrestling,Japan,9
1984,Wrestling,Republic of Korea,7
1988,Alpine Skiing,Switzerland,11
1988,Alpine Skiing,Austria,6
1988,Alpine Skiing,Federal Republic of Germany,4
1988,Archery,Republic of Korea,6
1988,Archery,United States of America,3
1988,Archery,Great Britain,1
1988,Athletics,German Democratic Republic (Germany),27
1988,Athletics,Soviet Union,26
1988,Athletics,United States of America,26
1988,Basketball,Soviet Union,2
1988,Basketball,United States of America,2
1988,Basketball,Yugoslavia,2
1988,Biathlon,Soviet Union,4
1988,Biathlon,German Democratic Republic (Germany),2
1988,Biathlon,Italy,2
1988,Bobsleigh,German Democratic Republic (Germany),3
1988,Bobsleigh,Soviet Union,2
1988,Bobsleigh,Switzerland,1
1988,Boxing,United States of America,8
1988,Boxing,Poland,4
1988,Boxing,Republic of Korea,4
1988,Canoe Sprint,German Democratic Republic (Germany),9
1988,Canoe Sprint,Soviet Union,6
1988,Canoe Sprint,Bulgaria,5
1988,Cross Country Skiing,Soviet Union,13
1988,Cross Country Skiing,Finland,3
1988,Cross Country Skiing,Norway,3
1988,Cycling Road,Federal Republic of Germany,3
1988,Cycling Road,German Democratic Republic (Germany),2
1988,Cycling Road,Netherlands,1
1988,Cycling Track,Soviet Union,6
1988,Cycling Track,Australia,4
1988,Cycling Track,German Democratic Republic (Germany),4
1988,Diving,People's Republic of China,6
1988,Diving,United States of America,5
1988,Diving,Mexico,1
1988,Equestrian Dressage,Federal Republic of Germany,2
1988,Equestrian Dressage,Switzerland,2
1988,Equestrian Dressage,Canada,1
1988,Equestrian Eventing,Great Britain,3
1988,Equestrian Eventing,New Zealand,2
1988,Equestrian Jumping,France,2
1988,Equestrian Jumping,United States of America,2
1988,Equestrian Jumping,Federal Republic of Germany,1
1988,Fencing,Federal Republic of Germany,7
1988,Fencing,Soviet Union,5
1988,Fencing,Italy,4
1988,Figure skating,Soviet Union,5
1988,Figure skating,Canada,3
1988,Figure skating,United States of America,3
1988,Football,Brazil,1
1988,Football,Federal Republic of Germany,1
1988,Football,Soviet Union,1
1988,Gymnastics Artistic,Soviet Union,18
1988,Gymnastics Artistic,Romania,9
1988,Gymnastics Artistic,German Democratic Republic (Germany),8
1988,Gymnastics Rhythmic,Bulgaria,1
1988,Handball,Republic of Korea,2
1988,Handball,Soviet Union,2
1988,Handball,Norway,1
1988,Hockey,Netherlands,2
1988,Hockey,Australia,1
1988,Hockey,Federal Republic of Germany,1
1988,Ice Hockey,Finland,1
1988,Ice Hockey,Soviet Union,1
1988,Ice Hockey,Sweden,1
1988,Judo,Soviet Union,5
1988,Judo,Japan,4
1988,Judo,German Democratic Republic (Germany),3
1988,Luge,German Democratic Republic (Germany),6
1988,Luge,Federal Republic of Germany,2
1988,Luge,Soviet Union,1
1988,Modern Pentathlon,Hungary,2
1988,Modern Pentathlon,Italy,2
1988,Modern Pentathlon,Great Britain,1
1988,Nordic Combined,Austria,2
1988,Nordic Combined,Switzerland,2
1988,Nordic Combined,Federal Republic of Germany,1
1988,Rowing,German Democratic Republic (Germany),10
1988,Rowing,Romania,7
1988,Rowing,Bulgaria,3
1988,Sailing,United States of America,5
1988,Sailing,New Zealand,3
1988,Sailing,Brazil,2
1988,Shooting,Soviet Union,11
1988,Shooting,Federal Republic of Germany,3
1988,Shooting,Yugoslavia,3
1988,Ski Jumping,Finland,3
1988,Ski Jumping,Czechoslovakia,2
1988,Ski Jumping,Norway,2
1988,Speed skating,German Democratic Republic (Germany),13
1988,Speed skating,Netherlands,7
1988,Speed skating,United States of America,3
1988,Swimming,German Democratic Republic (Germany),28
1988,Swimming,United States of America,18
1988,Swimming,Soviet Union,9
1988,Synchronized Swimming,Canada,2
1988,Synchronized Swimming,Japan,2
1988,Synchronized Swimming,United States of America,2
1988,Table Tennis,People's Republic of China,5
1988,Table Tennis,Republic of Korea,4
1988,Table Tennis,Yugoslavia,2
1988,Tennis,United States of America,5
1988,Tennis,Czechoslovakia,3
1988,Tennis,Federal Republic of Germany,2
1988,Volleyball,Soviet Union,2
1988,Volleyball,Argentina,1
1988,Volleyball,People's Republic of China,1
1988,Water Polo,Soviet Union,1
1988,Water Polo,United States of America,1
1988,Water Polo,Yugoslavia,1
1988,Weightlifting,Soviet Union,8
1988,Weightlifting,People's Republic of China,5
1988,Weightlifting,Bulgaria,4
1988,Wrestling,Soviet Union,15
1988,Wrestling,Republic of Korea,9
1988,Wrestling,Bulgaria,8
1992,Alpine Skiing,Austria,8
1992,Alpine Skiing,Italy,5
1992,Alpine Skiing,Norway,4
1992,Archery,Republic of Korea,4
1992,Archery,Great Britain,2
1992,Archery,Unified Team,2
1992,Athletics,United States of America,30
1992,Athletics,Unified Team,21
1992,Athletics,Germany,10
1992,Badminton,Indonesia,5
1992,Badminton,People's Republic of China,4
1992,Badminton,Republic of Korea,4
1992,Baseball,Chinese Taipei,1
1992,Baseball,Cuba,1
1992,Baseball,Japan,1
1992,Basketball,United States of America,2
1992,Basketball,Croatia,1
1992,Basketball,Lithuania,1
1992,Biathlon,Germany,7
1992,Biathlon,Unified Team,6
1992,Biathlon,Sweden,2
1992,Bobsleigh,Germany,3
1992,Bobsleigh,Switzerland,2
1992,Bobsleigh,Austria,1
1992,Boxing,Cuba,9
1992,Boxing,Germany,4
1992,Boxing,Hungary,3
1992,Canoe Slalom,France,3
1992,Canoe Slalom,Czechoslovakia,2
1992,Canoe Slalom,Germany,2
1992,Canoe Sprint,Germany,9
1992,Canoe Sprint,Hungary,6
1992,Canoe Sprint,Bulgaria,3
1992,Cross Country Skiing,Norway,9
1992,Cross Country Skiing,Unified Team,9
1992,Cross Country Skiing,Italy,8
1992,Cycling Road,France,2
1992,Cycling Road,Italy,2
1992,Cycling Road,Netherlands,2
1992,Cycling Track,Germany,5
1992,Cycling Track,Australia,4
1992,Cycling Track,Netherlands,2
1992,Diving,People's Republic of China,5
1992,Diving,Unified Team,3
1992,Diving,United States of America,3
1992,Equestrian Dressage,Germany,2
1992,Equestrian Dressage,Netherlands,1
1992,Equestrian Dressage,United States of America,1
1992,Equestrian Eventing,Australia,2
1992,Equestrian Eventing,Germany,2
1992,Equestrian Eventing,New Zealand,2
1992,Equestrian Jumping,Netherlands,2
1992,Equestrian Jumping,Austria,1
1992,Equestrian Jumping,France,1
1992,Fencing,France,5
1992,Fencing,Unified Team,5
1992,Fencing,Germany,3
1992,Figure skating,Unified Team,5
1992,Figure skating,United States of America,3
1992,Figure skating,Canada,1
1992,Football,Ghana,1
1992,Football,Poland,1
1992,Football,Spain,1
1992,Freestyle Skiing,France,2
1992,Freestyle Skiing,United States of America,2
1992,Freestyle Skiing,Norway,1
1992,Gymnastics Artistic,Unified Team,17
1992,Gymnastics Artistic,People's Republic of China,8
1992,Gymnastics Artistic,United States of America,6
1992,Gymnastics Rhythmic,Unified Team,2
1992,Gymnastics Rhythmic,Spain,1
1992,Handball,Unified Team,2
1992,Handball,France,1
1992,Handball,Norway,1
1992,Hockey,Germany,2
1992,Hockey,Australia,1
1992,Hockey,Great Britain,1
1992,Ice Hockey,Canada,1
1992,Ice Hockey,Czechoslovakia,1
1992,Ice Hockey,Unified Team,1
1992,Judo,Japan,10
1992,Judo,France,7
1992,Judo,Cuba,5
1992,Luge,Austria,4
1992,Luge,Germany,4
1992,Luge,Italy,1
1992,Modern Pentathlon,Poland,2
1992,Modern Pentathlon,Unified Team,2
1992,Modern Pentathlon,Hungary,1
1992,Nordic Combined,Austria,2
1992,Nordic Combined,France,2
1992,Nordic Combined,Japan,1
1992,Rowing,Germany,10
1992,Rowing,Romania,7
1992,Rowing,Canada,5
1992,Sailing,United States of America,9
1992,Sailing,Spain,5
1992,Sailing,New Zealand,4
1992,Shooting,Unified Team,8
1992,Shooting,People's Republic of China,4
1992,Shooting,Bulgaria,3
1992,Short Track Speed Skating,Canada,3
1992,Short Track Speed Skating,Republic of Korea,3
1992,Short Track Speed Skating,Democratic People's Republic of Korea,1
1992,Ski Jumping,Austria,5
1992,Ski Jumping,Finland,3
1992,Ski Jumping,Czechoslovakia,1
1992,Speed skating,Germany,11
1992,Speed skating,Norway,5
1992,Speed skating,Japan,4
1992,Swimming,United States of America,27
1992,Swimming,Germany,11
1992,Swimming,Unified Team,10
1992,Synchronized Swimming,Canada,2
1992,Synchronized Swimming,Japan,2
1992,Synchronized Swimming,United States of America,2
1992,Table Tennis,People's Republic of China,5
1992,Table Tennis,Republic of Korea,3
1992,Table Tennis,Democratic People's Republic of Korea,2
1992,Tennis,Spain,3
1992,Tennis,United States of America,3
1992,Tennis,Croatia,2
1992,Volleyball,United States of America,2
1992,Volleyball,Brazil,1
1992,Volleyball,Cuba,1
1992,Water Polo,Italy,1
1992,Water Polo,Spain,1
1992,Water Polo,Unified Team,1
1992,Weightlifting,Unified Team,9
1992,Weightlifting,Bulgaria,4
1992,Weightlifting,People's Republic of China,4
1992,Wrestling,Unified Team,16
1992,Wrestling,United States of America,8
1992,Wrestling,Cuba,5
1994,Alpine Skiing,Norway,5
1994,Alpine Skiing,Germany,4
1994,Alpine Skiing,Italy,4
1994,Biathlon,Germany,6
1994,Biathlon,Russian Federation,5
1994,Biathlon,France,3
1994,Bobsleigh,Switzerland,3
1994,Bobsleigh,Germany,2
1994,Bobsleigh,Italy,1
1994,Cross Country Skiing,Italy,9
1994,Cross Country Skiing,Norway,8
1994,Cross Country Skiing,Finland,5
1994,Figure skating,Russian Federation,5
1994,Figure skating,Canada,2
1994,Figure skating,France,1
1994,Freestyle Skiing,Canada,3
1994,Freestyle Skiing,Norway,2
1994,Freestyle Skiing,Russian Federation,2
1994,Ice Hockey,Canada,1
1994,Ice Hockey,Finland,1
1994,Ice Hockey,Sweden,1
1994,Luge,Italy,4
1994,Luge,Germany,3
1994,Luge,Austria,2
1994,Nordic Combined,Norway,3
1994,Nordic Combined,Japan,2
1994,Nordic Combined,Switzerland,1
1994,Short Track Speed Skating,Republic of Korea,6
1994,Short Track Speed Skating,Canada,3
1994,Short Track Speed Skating,United States of America,3
1994,Ski Jumping,Germany,3
1994,Ski Jumping,Norway,3
1994,Ski Jumping,Austria,2
1994,Speed skating,Germany,6
1994,Speed skating,Norway,5
1994,Speed skating,Russian Federation,5
1996,Archery,Republic of Korea,4
1996,Archery,United States of America,2
1996,Archery,Germany,1
1996,Athletics,United States of America,23
1996,Athletics,Russian Federation,10
1996,Athletics,Kenya,8
1996,Badminton,Indonesia,4
1996,Badminton,People's Republic of China,4
1996,Badminton,Republic of Korea,4
1996,Baseball,Cuba,1
1996,Baseball,Japan,1
1996,Baseball,United States of America,1
1996,Basketball,United States of America,2
1996,Basketball,Australia,1
1996,Basketball,Brazil,1
1996,Beach Volleyball,Brazil,2
1996,Beach Volleyball,United States of America,2
1996,Beach Volleyball,Australia,1
1996,Boxing,Cuba,7
1996,Boxing,United States of America,6
1996,Boxing,Germany,4
1996,Canoe Slalom,Czech Republic,3
1996,Canoe Slalom,France,3
1996,Canoe Slalom,Germany,3
1996,Canoe Sprint,Germany,6
1996,Canoe Sprint,Hungary,6
1996,Canoe Sprint,Italy,5
1996,Cycling Mountain Bike,Canada,1
1996,Cycling Mountain Bike,France,1
1996,Cycling Mountain Bike,Italy,1
1996,Cycling Road,Canada,2
1996,Cycling Road,France,2
1996,Cycling Road,Great Britain,2
1996,Cycling Track,France,6
1996,Cycling Track,Australia,5
1996,Cycling Track,Italy,3
1996,Diving,People's Republic of China,5
1996,Diving,Germany,2
1996,Diving,Russian Federation,2
1996,Equestrian Dressage,Netherlands,3
1996,Equestrian Dressage,United States of America,1
1996,Equestrian Eventing,New Zealand,3
1996,Equestrian Eventing,Australia,1
1996,Equestrian Eventing,United States of America,1
1996,Equestrian Jumping,Germany,2
1996,Equestrian Jumping,Brazil,1
1996,Equestrian Jumping,France,1
1996,Fencing,France,7
1996,Fencing,Italy,7
1996,Fencing,Russian Federation,7
1996,Football,Argentina,1
1996,Football,Brazil,1
1996,Football,Nigeria,1
1996,Gymnastics Artistic,Romania,9
1996,Gymnastics Artistic,Russian Federation,8
1996,Gymnastics Artistic,People's Republic of China,6
1996,Gymnastics Rhythmic,Russian Federation,2
1996,Gymnastics Rhythmic,Bulgaria,1
1996,Gymnastics Rhythmic,Spain,1
1996,Handball,Croatia,1
1996,Handball,Denmark,1
1996,Handball,Hungary,1
1996,Hockey,Australia,2
1996,Hockey,Netherlands,2
1996,Hockey,Republic of Korea,1
1996,Judo,Japan,8
1996,Judo,Republic of Korea,8
1996,Judo,Cuba,6
1996,Modern Pentathlon,Hungary,1
1996,Modern Pentathlon,Kazakhstan,1
1996,Modern Pentathlon,Russian Federation,1
1996,Rowing,Australia,6
1996,Rowing,Canada,6
1996,Rowing,France,4
1996,Sailing,Brazil,3
1996,Sailing,Australia,2
1996,Sailing,Great Britain,2
1996,Shooting,Russian Federation,6
1996,Shooting,Italy,5
1996,Shooting,People's Republic of China,5
1996,Softball,Australia,1
1996,Softball,People's Republic of China,1
1996,Softball,United States of America,1
1996,Swimming,United States of America,26
1996,Swimming,Australia,12
1996,Swimming,Germany,12
1996,Synchronized Swimming,Canada,1
1996,Synchronized Swimming,Japan,1
1996,Synchronized Swimming,United States of America,1
1996,Table Tennis,People's Republic of China,6
1996,Table Tennis,Republic of Korea,2
1996,Table Tennis,Chinese Taipei,1
1996,Tennis,Spain,3
1996,Tennis,United States of America,3
1996,Tennis,Czech Republic,2
1996,Volleyball,Brazil,1
1996,Volleyball,Cuba,1
1996,Volleyball,Italy,1
1996,Water Polo,Croatia,1
1996,Water Polo,Italy,1
1996,Water Polo,Spain,1
1996,Weightlifting,Greece,5
1996,Weightlifting,People's Republic of China,4
1996,Weightlifting,Bulgaria,3
1996,Wrestling,United States of America,8
1996,Wrestling,Russian Federation,7
1996,Wrestling,Poland,5
1998,Alpine Skiing,Austria,11
1998,Alpine Skiing,Germany,6
1998,Alpine Skiing,Norway,4
1998,Biathlon,Germany,5
1998,Biathlon,Norway,5
1998,Biathlon,Russian Federation,3
1998,Bobsleigh,Germany,2
1998,Bobsleigh,Canada,1
1998,Bobsleigh,France,1
1998,Cross Country Skiing,Norway,9
1998,Cross Country Skiing,Russian Federation,8
1998,Cross Country Skiing,Italy,4
1998,Curling,Canada,2
1998,Curling,Denmark,1
1998,Curling,Norway,1
1998,Figure skating,Russian Federation,5
1998,Figure skating,France,2
1998,Figure skating,United States of America,2
1998,Freestyle Skiing,United States of America,3
1998,Freestyle Skiing,Finland,2
1998,Freestyle Skiing,Belarus,1
1998,Ice Hockey,Finland,2
1998,Ice Hockey,Canada,1
1998,Ice Hockey,Czech Republic,1
1998,Luge,Germany,5
1998,Luge,United States of America,2
1998,Luge,Austria,1
1998,Nordic Combined,Finland,2
1998,Nordic Combined,Norway,2
1998,Nordic Combined,France,1
1998,Short Track Speed Skating,People's Republic of China,6
1998,Short Track Speed Skating,Republic of Korea,6
1998,Short Track Speed Skating,Canada,3
1998,Ski Jumping,Japan,4
1998,Ski Jumping,Austria,2
1998,Ski Jumping,Finland,2
1998,Snowboard,Germany,2
1998,Snowboard,Norway,2
1998,Snowboard,United States of America,2
1998,Speed skating,Netherlands,11
1998,Speed skating,Germany,6
1998,Speed skating,Canada,5
2000,Archery,Republic of Korea,5
2000,Archery,United States of America,2
2000,Archery,Australia,1
2000,Athletics,United States of America,16
2000,Athletics,Russian Federation,13
2000,Athletics,Jamaica,9
2000,Badminton,Indonesia,3
2000,Badminton,People's Republic of China,3
2000,Badminton,Republic of Korea,2
2000,Baseball,Cuba,1
2000,Baseball,Republic of Korea,1
2000,Baseball,United States of America,1
2000,Basketball,United States of America,2
2000,Basketball,Australia,1
2000,Basketball,Brazil,1
2000,Beach Volleyball,Brazil,3
2000,Beach Volleyball,Australia,1
2000,Beach Volleyball,Germany,1
2000,Boxing,Russian Federation,7
2000,Boxing,Cuba,6
2000,Boxing,Ukraine,5
2000,Canoe Slalom,France,3
2000,Canoe Slalom,Slovakia,3
2000,Canoe Slalom,Czech Republic,2
2000,Canoe Sprint,Germany,7
2000,Canoe Sprint,Hungary,7
2000,Canoe Sprint,Poland,3
2000,Cycling Mountain Bike,Switzerland,2
2000,Cycling Mountain Bike,Belgium,1
2000,Cycling Mountain Bike,France,1
2000,Cycling Road,Germany,4
2000,Cycling Road,Netherlands,2
2000,Cycling Road,France,1
2000,Cycling Track,Australia,6
2000,Cycling Track,France,6
2000,Cycling Track,Germany,6
2000,Diving,People's Republic of China,10
2000,Diving,Russian Federation,5
2000,Diving,Australia,2
2000,Equestrian Dressage,Germany,3
2000,Equestrian Dressage,Netherlands,2
2000,Equestrian Dressage,United States of America,1
2000,Equestrian Eventing,Australia,2
2000,Equestrian Eventing,Great Britain,1
2000,Equestrian Eventing,New Zealand,1
2000,Equestrian Jumping,Brazil,1
2000,Equestrian Jumping,Netherlands,1
2000,Equestrian Jumping,Saudi Arabia,1
2000,Fencing,France,6
2000,Fencing,Germany,5
2000,Fencing,Italy,5
2000,Football,Cameroon,1
2000,Football,Chile,1
2000,Football,Germany,1
2000,Gymnastics Artistic,Russian Federation,15
2000,Gymnastics Artistic,People's Republic of China,7
2000,Gymnastics Artistic,Romania,6
2000,Gymnastics Rhythmic,Russian Federation,3
2000,Gymnastics Rhythmic,Belarus,2
2000,Gymnastics Rhythmic,Greece,1
2000,Handball,Denmark,1
2000,Handball,Hungary,1
2000,Handball,Norway,1
2000,Hockey,Australia,2
2000,Hockey,Netherlands,2
2000,Hockey,Argentina,1
2000,Judo,Japan,8
2000,Judo,France,6
2000,Judo,Cuba,5
2000,Modern Pentathlon,Great Britain,2
2000,Modern Pentathlon,Belarus,1
2000,Modern Pentathlon,Hungary,1
2000,Rowing,Germany,6
2000,Rowing,Australia,5
2000,Rowing,Italy,4
2000,Sailing,Great Britain,5
2000,Sailing,Australia,4
2000,Sailing,United States of America,4
2000,Shooting,People's Republic of China,8
2000,Shooting,Russian Federation,6
2000,Shooting,Belarus,4
2000,Softball,Australia,1
2000,Softball,Japan,1
2000,Softball,United States of America,1
2000,Swimming,United States of America,31
2000,Swimming,Australia,18
2000,Swimming,Netherlands,8
2000,Synchronized Swimming,Japan,2
2000,Synchronized Swimming,Russian Federation,2
2000,Synchronized Swimming,Canada,1
2000,Table Tennis,People's Republic of China,8
2000,Table Tennis,Chinese Taipei,1
2000,Table Tennis,France,1
2000,Taekwondo,Republic of Korea,4
2000,Taekwondo,Australia,2
2000,Taekwondo,Chinese Taipei,2
2000,Tennis,United States of America,3
2000,Tennis,Russian Federation,2
2000,Tennis,Australia,1
2000,Trampoline,Canada,2
2000,Trampoline,Russian Federation,2
2000,Trampoline,Australia,1
2000,Triathlon,Switzerland,2
2000,Triathlon,Australia,1
2000,Triathlon,Canada,1
2000,Volleyball,Russian Federation,2
2000,Volleyball,Brazil,1
2000,Volleyball,Cuba,1
2000,Water Polo,Russian Federation,2
2000,Water Polo,Australia,1
2000,Water Polo,Hungary,1
2000,Weightlifting,People's Republic of China,7
2000,Weightlifting,Greece,5
2000,Weightlifting,Bulgaria,3
2000,Wrestling,Russian Federation,9
2000,Wrestling,United States of America,7
2000,Wrestling,Cuba,5
2002,Alpine Skiing,Austria,9
2002,Alpine Skiing,Croatia,4
2002,Alpine Skiing,France,4
2002,Biathlon,Germany,9
2002,Biathlon,Norway,6
2002,Biathlon,Russian Federation,3
2002,Bobsleigh,Germany,4
2002,Bobsleigh,United States of America,3
2002,Bobsleigh,Switzerland,2
2002,Cross Country Skiing,Norway,10
2002,Cross Country Skiing,Italy,6
2002,Cross Country Skiing,Germany,5
2002,Curling,Canada,2
2002,Curling,Switzerland,2
2002,Curling,Great Britain,1
2002,Figure skating,Russian Federation,5
2002,Figure skating,United States of America,3
2002,Figure skating,Canada,1
2002,Freestyle Skiing,United States of America,3
2002,Freestyle Skiing,Canada,2
2002,Freestyle Skiing,Australia,1
2002,Ice Hockey,Canada,2
2002,Ice Hockey,United States of America,2
2002,Ice Hockey,Russian Federation,1
2002,Luge,Germany,5
2002,Luge,United States of America,2
2002,Luge,Austria,1
2002,Nordic Combined,Finland,4
2002,Nordic Combined,Austria,3
2002,Nordic Combined,Germany,2
2002,Short Track Speed Skating,People's Republic of China,7
2002,Short Track Speed Skating,Canada,6
2002,Short Track Speed Skating,Republic of Korea,4
2002,Skeleton,United States of America,2
2002,Skeleton,Austria,1
2002,Skeleton,Great Britain,1
2002,Ski Jumping,Finland,2
2002,Ski Jumping,Germany,2
2002,Ski Jumping,Poland,2
2002,Snowboard,United States of America,5
2002,Snowboard,France,3
2002,Snowboard,Switzerland,2
2002,Speed skating,Germany,8
2002,Speed skating,Netherlands,8
2002,Speed skating,United States of America,6
2004,Archery,Republic of Korea,4
2004,Archery,Chinese Taipei,2
2004,Archery,Australia,1
2004,Athletics,United States of America,25
2004,Athletics,Russian Federation,19
2004,Athletics,Ethiopia,7
2004,Badminton,Republic of Korea,4
2004,Badminton,Indonesia,3
2004,Badminton,People's Republic of China,3
2004,Baseball,Australia,1
2004,Baseball,Cuba,1
2004,Baseball,Japan,1
2004,Basketball,United States of America,2
2004,Basketball,Argentina,1
2004,Basketball,Australia,1
2004,Beach Volleyball,Brazil,2
2004,Beach Volleyball,United States of America,2
2004,Beach Volleyball,Spain,1
2004,Boxing,Cuba,8
2004,Boxing,Russian Federation,6
2004,Boxing,Egypt,3
2004,Canoe Slalom,France,3
2004,Canoe Slalom,Slovakia,3
2004,Canoe Slalom,Germany,2
2004,Canoe Sprint,Germany,7
2004,Canoe Sprint,Hungary,6
2004,Canoe Sprint,Canada,3
2004,Cycling Mountain Bike,Canada,1
2004,Cycling Mountain Bike,France,1
2004,Cycling Mountain Bike,Germany,1
2004,Cycling Road,Australia,2
2004,Cycling Road,Russian Federation,2
2004,Cycling Road,United States of America,2
2004,Cycling Track,Australia,9
2004,Cycling Track,Germany,4
2004,Cycling Track,Great Britain,4
2004,Diving,People's Republic of China,9
2004,Diving,Australia,6
2004,Diving,Russian Federation,4
2004,Equestrian Dressage,Germany,2
2004,Equestrian Dressage,Spain,2
2004,Equestrian Dressage,Netherlands,1
2004,Equestrian Eventing,Great Britain,3
2004,Equestrian Eventing,United States of America,2
2004,Equestrian Eventing,France,1
2004,Equestrian Jumping,Germany,2
2004,Equestrian Jumping,Brazil,1
2004,Equestrian Jumping,Sweden,1
2004,Fencing,Italy,7
2004,Fencing,France,6
2004,Fencing,Russian Federation,4
2004,Football,Argentina,1
2004,Football,Brazil,1
2004,Football,Germany,1
2004,Gymnastics Artistic,Romania,10
2004,Gymnastics Artistic,United States of America,9
2004,Gymnastics Artistic,Japan,4
2004,Gymnastics Rhythmic,Russian Federation,3
2004,Gymnastics Rhythmic,Bulgaria,1
2004,Gymnastics Rhythmic,Italy,1
2004,Handball,Croatia,1
2004,Handball,Denmark,1
2004,Handball,Germany,1
2004,Hockey,Germany,2
2004,Hockey,Netherlands,2
2004,Hockey,Argentina,1
2004,Judo,Japan,10
2004,Judo,Cuba,6
2004,Judo,People's Republic of China,5
2004,Modern Pentathlon,Czech Republic,1
2004,Modern Pentathlon,Great Britain,1
2004,Modern Pentathlon,Hungary,1
2004,Rowing,Australia,4
2004,Rowing,Germany,4
2004,Rowing,Great Britain,4
2004,Sailing,Great Britain,5
2004,Sailing,Spain,3
2004,Sailing,Austria,2
2004,Shooting,Russian Federation,10
2004,Shooting,People's Republic of China,9
2004,Shooting,Germany,3
2004,Softball,Australia,1
2004,Softball,Japan,1
2004,Softball,United States of America,1
2004,Swimming,United States of America,28
2004,Swimming,Australia,15
2004,Swimming,Japan,8
2004,Synchronized Swimming,Japan,2
2004,Synchronized Swimming,Russian Federation,2
2004,Synchronized Swimming,United States of America,2
2004,Table Tennis,People's Republic of China,6
2004,Table Tennis,Republic of Korea,3
2004,Table Tennis,Democratic People's Republic of Korea,1
2004,Taekwondo,Republic of Korea,4
2004,Taekwondo,Chinese Taipei,3
2004,Taekwondo,France,2
2004,Tennis,Chile,3
2004,Tennis,Argentina,1
2004,Tennis,Australia,1
2004,Trampoline,Germany,2
2004,Trampoline,Canada,1
2004,Trampoline,People's Republic of China,1
2004,Triathlon,New Zealand,2
2004,Triathlon,Australia,1
2004,Triathlon,Austria,1
2004,Volleyball,Russian Federation,2
2004,Volleyball,Brazil,1
2004,Volleyball,Cuba,1
2004,Water Polo,Greece,1
2004,Water Polo,Hungary,1
2004,Water Polo,Italy,1
2004,Weightlifting,People's Republic of China,8
2004,Weightlifting,Russian Federation,7
2004,Weightlifting,Turkey,5
2004,Wrestling,Russian Federation,10
2004,Wrestling,Japan,6
2004,Wrestling,United States of America,6
2006,Alpine Skiing,Austria,14
2006,Alpine Skiing,Sweden,4
2006,Alpine Skiing,Croatia,3
2006,Biathlon,Germany,11
2006,Biathlon,Norway,6
2006,Biathlon,Russian Federation,5
2006,Bobsleigh,Germany,3
2006,Bobsleigh,Switzerland,2
2006,Bobsleigh,Canada,1
2006,Cross Country Skiing,Russian Federation,7
2006,Cross Country Skiing,Sweden,5
2006,Cross Country Skiing,Germany,4
2006,Curling,Canada,2
2006,Curling,Finland,1
2006,Curling,Sweden,1
2006,Figure skating,Russian Federation,4
2006,Figure skating,People's Republic of China,2
2006,Figure skating,United States of America,2
2006,Freestyle Skiing,Australia,2
2006,Freestyle Skiing,People's Republic of China,2
2006,Freestyle Skiing,Belarus,1
2006,Ice Hockey,Sweden,2
2006,Ice Hockey,Canada,1
2006,Ice Hockey,Czech Republic,1
2006,Luge,Germany,4
2006,Luge,Italy,2
2006,Luge,Austria,1
2006,Nordic Combined,Austria,3
2006,Nordic Combined,Germany,3
2006,Nordic Combined,Norway,2
2006,Short Track Speed Skating,Republic of Korea,10
2006,Short Track Speed Skating,People's Republic of China,5
2006,Short Track Speed Skating,Canada,4
2006,Skeleton,Canada,3
2006,Skeleton,Switzerland,2
2006,Skeleton,Great Britain,1
2006,Ski Jumping,Norway,4
2006,Ski Jumping,Austria,3
2006,Ski Jumping,Finland,2
2006,Snowboard,United States of America,7
2006,Snowboard,Switzerland,4
2006,Snowboard,Austria,1
2006,Speed skating,Netherlands,9
2006,Speed skating,Canada,8
2006,Speed skating,United States of America,7
2010,Alpine Skiing,United States of America,8
2010,Alpine Skiing,Austria,4
2010,Alpine Skiing,Norway,4
2010,Biathlon,France,6
2010,Biathlon,Germany,5
2010,Biathlon,Norway,5
2010,Bobsleigh,Canada,3
2010,Bobsleigh,Germany,3
2010,Bobsleigh,United States of America,2
2010,Cross Country Skiing,Norway,9
2010,Cross Country Skiing,Sweden,7
2010,Cross Country Skiing,Germany,5
2010,Curling,Canada,2
2010,Curling,Norway,1
2010,Curling,People's Republic of China,1
2010,Figure skating,Canada,2
2010,Figure skating,Japan,2
2010,Figure skating,People's Republic of China,2
2010,Freestyle Skiing,United States of America,4
2010,Freestyle Skiing,Canada,3
2010,Freestyle Skiing,People's Republic of China,3
2010,Ice Hockey,Canada,2
2010,Ice Hockey,Finland,2
2010,Ice Hockey,United States of America,2
2010,Luge,Germany,5
2010,Luge,Austria,2
2010,Luge,Italy,1
2010,Nordic Combined,United States of America,4
2010,Nordic Combined,Austria,2
2010,Nordic Combined,France,1
2010,Short Track Speed Skating,Republic of Korea,7
2010,Short Track Speed Skating,Canada,5
2010,Short Track Speed Skating,People's Republic of China,4
2010,Skeleton,Germany,2
2010,Skeleton,Canada,1
2010,Skeleton,Great Britain,1
2010,Ski Jumping,Austria,3
2010,Ski Jumping,Poland,2
2010,Ski Jumping,Switzerland,2
2010,Snowboard,United States of America,5
2010,Snowboard,Canada,3
2010,Snowboard,France,3
2010,Speed skating,Netherlands,7
2010,Speed skating,Canada,5
2010,Speed skating,Republic of Korea,5
2012,Archery,Republic of Korea,4
2012,Archery,Japan,2
2012,Archery,Mexico,2
2012,Badminton,People's Republic of China,8
2012,Badminton,Denmark,2
2012,Badminton,India,1
2012,Beach Volleyball,Brazil,2
2012,Beach Volleyball,United States of America,2
2012,Beach Volleyball,Germany,1
2012,Cycling Road,Great Britain,3
2012,Cycling Road,Germany,2
2012,Cycling Road,Russian Federation,2
2012,Cycling Track,Great Britain,9
2012,Cycling Track,Australia,5
2012,Cycling Track,France,3
2012,Gymnastics Artistic,People's Republic of China,8
2012,Gymnastics Artistic,Russian Federation,8
2012,Gymnastics Artistic,United States of America,6
2012,Gymnastics Rhythmic,Belarus,2
2012,Gymnastics Rhythmic,Russian Federation,2
2012,Gymnastics Rhythmic,Italy,1
2012,Judo,France,7
2012,Judo,Japan,7
2012,Judo,Russian Federation,5
2012,Modern Pentathlon,Brazil,1
2012,Modern Pentathlon,Czech Republic,1
2012,Modern Pentathlon,Great Britain,1
2012,Taekwondo,People's Republic of China,3
2012,Taekwondo,Spain,3
2012,Taekwondo,France,2
2012,Tennis,United States of America,4
2012,Tennis,Belarus,2
2012,Tennis,France,2
2012,Weightlifting,Democratic People's Republic of Korea,1
2012,Weightlifting,Indonesia,1
2012,Weightlifting,People's Republic of China,1
2022,3x3 Basketball,Latvia,1
2022,3x3 Basketball,People's Republic of China,1
2022,3x3 Basketball,Serbia,1
2022,Alpine Skiing,Austria,23
2022,Alpine Skiing,Switzerland,19
2022,Alpine Skiing,Norway,14
2022,Archery,Republic of Korea,14
2022,Archery,Italy,3
2022,Archery,People's Republic of China,3
2022,Artistic Gymnastics,People's Republic of China,8
2022,Artistic Gymnastics,ROC,8
2022,Artistic Gymnastics,United States of America,6
2022,Artistic Swimming,People's Republic of China,2
2022,Artistic Swimming,ROC,2
2022,Artistic Swimming,Ukraine,2
2022,Athletics,United States of America,87
2022,Athletics,Kenya,37
2022,Athletics,Jamaica,29
2022,Badminton,People's Republic of China,10
2022,Badminton,Indonesia,6
2022,Badminton,Republic of Korea,5
2022,Baseball,Cuba,1
2022,Baseball,Republic of Korea,1
2022,Baseball,United States of America,1
2022,Baseball/Softball,Japan,2
2022,Baseball/Softball,United States of America,2
2022,Baseball/Softball,Canada,1
2022,Basketball,France,3
2022,Basketball,Spain,3
2022,Basketball,United States of America,3
2022,Beach Volleyball,Brazil,4
2022,Beach Volleyball,United States of America,3
2022,Beach Volleyball,People's Republic of China,2
2022,Biathlon,Norway,26
2022,Biathlon,France,16
2022,Biathlon,Germany,11
2022,Bobsleigh,Germany,11
2022,Bobsleigh,United States of America,8
2022,Bobsleigh,Canada,5
2022,Boxing,Cuba,20
2022,Boxing,Great Britain,16
2022,Boxing,People's Republic of China,12
2022,Canoe Slalom,Slovakia,8
2022,Canoe Slalom,Germany,7
2022,Canoe Slalom,Great Britain,6
2022,Canoe Sprint,Germany,23
2022,Canoe Sprint,Hungary,18
2022,Canoe Sprint,Spain,11
2022,Cross Country Skiing,Norway,33
2022,Cross Country Skiing,Sweden,21
2022,Cross Country Skiing,Finland,13
2022,Curling,Sweden,7
2022,Curling,Canada,4
2022,Curling,Great Britain,4
2022,Cycling BMX,United States of America,4
2022,Cycling BMX,Colombia,2
2022,Cycling BMX,France,2
2022,Cycling BMX Freestyle,Great Britain,2
2022,Cycling BMX Freestyle,Australia,1
2022,Cycling BMX Freestyle,Switzerland,1
2022,Cycling BMX Racing,Colombia,2
2022,Cycling BMX Racing,Netherlands,1
2022,Cycling Mountain Bike,Switzerland,7
2022,Cycling Mountain Bike,France,3
2022,Cycling Mountain Bike,Czech Republic,2
2022,Cycling Road,Netherlands,7
2022,Cycling Road,Switzerland,4
2022,Cycling Road,Great Britain,3
2022,Cycling Track,Great Britain,25
2022,Cycling Track,Netherlands,9
2022,Cycling Track,Denmark,6
2022,Diving,People's Republic of China,28
2022,Diving,United States of America,10
2022,Diving,Great Britain,7
2022,Equestrian,Great Britain,5
2022,Equestrian,Germany,4
2022,Equestrian,Australia,2
2022,Equestrian Dressage,Germany,6
2022,Equestrian Dressage,Great Britain,4
2022,Equestrian Dressage,Netherlands,4
2022,Equestrian Eventing,Germany,6
2022,Equestrian Eventing,Great Britain,3
2022,Equestrian Eventing,Australia,2
2022,Equestrian Jumping,United States of America,3
2022,Equestrian Jumping,Canada,2
2022,Equestrian Jumping,Great Britain,2
2022,Fencing,Italy,19
2022,Fencing,Republic of Korea,14
2022,Fencing,United States of America,12
2022,Figure skating,Canada,7
2022,Figure skating,Japan,7
2022,Figure skating,ROC,6
2022,Football,Brazil,5
2022,Football,Germany,3
2022,Football,United States of America,3
2022,Freestyle Skiing,Canada,21
2022,Freestyle Skiing,United States of America,19
2022,Freestyle Skiing,People's Republic of China,11
2022,Golf,United States of America,3
2022,Golf,New Zealand,2
2022,Golf,Chinese Taipei,1
2022,Gymnastics Artistic,People's Republic of China,16
2022,Gymnastics Artistic,United States of America,16
2022,Gymnastics Artistic,Russian Federation,9
2022,Gymnastics Rhythmic,Russian Federation,5
2022,Gymnastics Rhythmic,Belarus,2
2022,Gymnastics Rhythmic,Ukraine,2
2022,Handball,France,5
2022,Handball,Norway,3
2022,Handball,Spain,3
2022,Hockey,Netherlands,5
2022,Hockey,Argentina,4
2022,Hockey,Germany,4
2022,Ice Hockey,Canada,4
2022,Ice Hockey,Finland,3
2022,Ice Hockey,United States of America,2
2022,Judo,Japan,30
2022,Judo,France,16
2022,Judo,Republic of Korea,10
2022,Karate,Turkey,4
2022,Karate,Japan,3
2022,Karate,Azerbaijan,2
2022,Luge,Germany,14
2022,Luge,Austria,7
2022,Luge,Latvia,3
2022,Marathon Swimming,Germany,3
2022,Marathon Swimming,Great Britain,3
2022,Marathon Swimming,Italy,3
2022,Modern Pentathlon,Great Britain,3
2022,Modern Pentathlon,Lithuania,3
2022,Modern Pentathlon,Australia,1
2022,Nordic Combined,Germany,9
2022,Nordic Combined,Norway,9
2022,Nordic Combined,Japan,4
2022,Rhythmic Gymnastics,ROC,2
2022,Rhythmic Gymnastics,Belarus,1
2022,Rhythmic Gymnastics,Bulgaria,1
2022,Rowing,Great Britain,19
2022,Rowing,New Zealand,14
2022,Rowing,Australia,13
2022,Rugby,Australia,1
2022,Rugby,Canada,1
2022,Rugby,Fiji,1
2022,Rugby Sevens,Fiji,2
2022,Rugby Sevens,New Zealand,2
2022,Rugby Sevens,Argentina,1
2022,Sailing,Great Britain,17
2022,Sailing,Australia,11
2022,Sailing,France,10
2022,Shooting,People's Republic of China,29
2022,Shooting,United States of America,17
2022,Shooting,Italy,11
2022,Short Track,Canada,5
2022,Short Track,Republic of Korea,4
2022,Short Track,Italy,3
2022,Short Track Speed Skating,People's Republic of China,10
2022,Short Track Speed Skating,Republic of Korea,10
2022,Short Track Speed Skating,Canada,7
2022,Skateboarding,Japan,5
2022,Skateboarding,Brazil,3
2022,Skateboarding,United States of America,2
2022,Skeleton,Germany,4
2022,Skeleton,Great Britain,2
2022,Skeleton,Russian Federation,2
2022,Ski Jumping,Germany,9
2022,Ski Jumping,Norway,7
2022,Ski Jumping,Slovenia,6
2022,Snowboard,United States of America,16
2022,Snowboard,Canada,12
2022,Snowboard,Austria,7
2022,Softball,Australia,1
2022,Softball,Japan,1
2022,Softball,United States of America,1
2022,Speed skating,Netherlands,49
2022,Speed skating,Republic of Korea,13
2022,Speed skating,Japan,11
2022,Sport Climbing,Japan,2
2022,Sport Climbing,Austria,1
2022,Sport Climbing,Slovenia,1
2022,Surfing,Japan,2
2022,Surfing,Australia,1
2022,Surfing,South Africa,1
2022,Swimming,United States of America,92
2022,Swimming,Australia,53
2022,Swimming,People's Republic of China,26
2022,Synchronized Swimming,People's Republic of China,4
2022,Synchronized Swimming,Spain,3
2022,Synchronized Swimming,Japan,2
2022,Table Tennis,People's Republic of China,13
2022,Table Tennis,Japan,7
2022,Table Tennis,Germany,5
2022,Taekwondo,Republic of Korea,11
2022,Taekwondo,Great Britain,7
2022,Taekwondo,People's Republic of China,5
2022,Tennis,Czech Republic,5
2022,Tennis,Russian Federation,4
2022,Tennis,Spain,4
2022,Trampoline,People's Republic of China,5
2022,Trampoline,Canada,2
2022,Trampoline,Belarus,1
2022,Trampoline Gymnastics,People's Republic of China,3
2022,Trampoline Gymnastics,Belarus,1
2022,Trampoline Gymnastics,Great Britain,1
2022,Triathlon,Great Britain,6
2022,Triathlon,United States of America,3
2022,Triathlon,Australia,2
2022,Volleyball,Brazil,4
2022,Volleyball,United States of America,4
2022,Volleyball,Italy,2
2022,Water Polo,Hungary,3
2022,Water Polo,Italy,3
2022,Water Polo,Serbia,3
2022,Weightlifting,People's Republic of China,22
2022,Weightlifting,Democratic People's Republic of Korea,10
2022,Weightlifting,Indonesia,9
2022,Wrestling,Russian Federation,30
2022,Wrestling,Japan,24
2022,Wrestling,Azerbaijan,21